Nama ,Panjang (m),Keliling (cm),Diameter (cm),Isi ,,,,,,,,,,,,,,,,,
"Tabel A.1 ̶ AI (Kayu bundar kecil) (p : 0,40 - 0,90 m; d : 4 - 19 cm)","0,40",9,4,0,,,,,,,,,,,,,,,,,
,,19,7,0,,,,,,,,,,,,,,,,,
,,28,10,0,,,,,,,,,,,,,,,,,
,,38,13,0,,,,,,,,,,,,,,,,,
,,47,16,"0,008",,,,,,,,,,,,,,,,,
,,57,19,"0,012",,,,,,,,,,,,,,,,,
,"0,50",9,4,0,,,,,,,,,,,,,,,,,
,,19,7,0,,,,,,,,,,,,,,,,,
,,28,10,0,,,,,,,,,,,,,,,,,
,,38,13,0,,,,,,,,,,,,,,,,,
,,47,16,"0,010",,,,,,,,,,,,,,,,,
,,57,19,"0,015",,,,,,,,,,,,,,,,,
,"0,60",9,4,0,,,,,,,,,,,,,,,,,
,,19,7,0,,,,,,,,,,,,,,,,,
,,28,10,0,,,,,,,,,,,,,,,,,
,,38,13,0,,,,,,,,,,,,,,,,,
,,47,16,"0,013",,,,,,,,,,,,,,,,,
,,57,19,"0,018",,,,,,,,,,,,,,,,,
,"0,70",9,4,0,,,,,,,,,,,,,,,,,
,,19,7,0,,,,,,,,,,,,,,,,,
,,28,10,"0,006",,,,,,,,,,,,,,,,,
,,38,13,"0,010",,,,,,,,,,,,,,,,,
,,47,16,"0,015",,,,,,,,,,,,,,,,,
,,57,19,"0,021",,,,,,,,,,,,,,,,,
,"0,80",9,4,0,,,,,,,,,,,,,,,,,
,,19,7,0,,,,,,,,,,,,,,,,,
,,28,10,"0,007",,,,,,,,,,,,,,,,,
,,38,13,"0,012",,,,,,,,,,,,,,,,,
,,47,16,"0,017",,,,,,,,,,,,,,,,,
,,57,19,"0,024",,,,,,,,,,,,,,,,,
,"0,90",9,4,0,,,,,,,,,,,,,,,,,
,,19,7,0,,,,,,,,,,,,,,,,,
,,28,10,"0,008",,,,,,,,,,,,,,,,,
,,38,13,"0,013",,,,,,,,,,,,,,,,,
,,47,16,"0,019",,,,,,,,,,,,,,,,,
,,57,19,"0,027",,,,,,,,,,,,,,,,,
"Tabel A.2 ̶ AI (Kayu bundar kecil) (p : 1,00 - 1,50 m; d : 4 - 19 cm) 
","1,00",9,4,0,,,,,,,,,,,,,,,,,
,,19,7,"0,005",,,,,,,,,,,,,,,,,
,,28,10,"0,009",,,,,,,,,,,,,,,,,
,,38,13,"0,014",,,,,,,,,,,,,,,,,
,,47,16,"0,021",,,,,,,,,,,,,,,,,
,,57,19,"0,030",,,,,,,,,,,,,,,,,
,"1,10",9,4,0,,,,,,,,,,,,,,,,,
,,19,7,"0,005",,,,,,,,,,,,,,,,,
,,28,10,"0,010",,,,,,,,,,,,,,,,,
,,38,13,"0,016",,,,,,,,,,,,,,,,,
,,47,16,"0,023",,,,,,,,,,,,,,,,,
,,57,19,"0,033",,,,,,,,,,,,,,,,,
,"1,20",9,4,0,,,,,,,,,,,,,,,,,
,,19,7,"0,006",,,,,,,,,,,,,,,,,
,,28,10,"0,011",,,,,,,,,,,,,,,,,
,,38,13,"0,017",,,,,,,,,,,,,,,,,
,,47,16,"0,026",,,,,,,,,,,,,,,,,
,,57,19,"0,036",,,,,,,,,,,,,,,,,
,,9,4,0,,,,,,,,,,,,,,,,,
,"1,30",19,7,"0,006",,,,,,,,,,,,,,,,,
,,28,10,"0,012",,,,,,,,,,,,,,,,,
,,38,13,"0,019",,,,,,,,,,,,,,,,,
,,47,16,"0,028",,,,,,,,,,,,,,,,,
,,57,19,"0,039",,,,,,,,,,,,,,,,,
,"1,40",9,4,0,,,,,,,,,,,,,,,,,
,,19,7,"0,007",,,,,,,,,,,,,,,,,
,,28,10,"0,013",,,,,,,,,,,,,,,,,
,,38,13,"0,020",,,,,,,,,,,,,,,,,
,,47,16,"0,031",,,,,,,,,,,,,,,,,
,,57,19,"0,042",,,,,,,,,,,,,,,,,
,"1,50",9,4,0,,,,,,,,,,,,,,,,,
,,19,7,"0,007",,,,,,,,,,,,,,,,,
,,28,10,"0,014",,,,,,,,,,,,,,,,,
,,38,13,"0,022",,,,,,,,,,,,,,,,,
,,47,16,"0,033",,,,,,,,,,,,,,,,,
,,57,19,"0,045",,,,,,,,,,,,,,,,,
"Tabel A.3 ̶ AI (Kayu bundar kecil) (p : 1,60 - 2,10 m; d : 4 - 19 cm) ","1,60",9,4,0,,,,,,,,,,,,,,,,,
,,19,7,"0,008",,,,,,,,,,,,,,,,,
,,28,10,"0,015",,,,,,,,,,,,,,,,,
,,38,13,"0,024",,,,,,,,,,,,,,,,,
,,47,16,"0,035",,,,,,,,,,,,,,,,,
,,57,19,"0,048",,,,,,,,,,,,,,,,,
,"1,70",9,4,0,,,,,,,,,,,,,,,,,
,,19,7,"0,008",,,,,,,,,,,,,,,,,
,,28,10,"0,016",,,,,,,,,,,,,,,,,
,,38,13,"0,026",,,,,,,,,,,,,,,,,
,,47,16,"0,038",,,,,,,,,,,,,,,,,
,,57,19,"0,052",,,,,,,,,,,,,,,,,
,"1,80",9,4,0,,,,,,,,,,,,,,,,,
,,19,7,"0,009",,,,,,,,,,,,,,,,,
,,28,10,"0,017",,,,,,,,,,,,,,,,,
,,38,13,"0,027",,,,,,,,,,,,,,,,,
,,47,16,"0,040",,,,,,,,,,,,,,,,,
,,57,19,"0,055",,,,,,,,,,,,,,,,,
,"1,90",9,4,0,,,,,,,,,,,,,,,,,
,,19,7,"0,009",,,,,,,,,,,,,,,,,
,,28,10,"0,018",,,,,,,,,,,,,,,,,
,,38,13,"0,029",,,,,,,,,,,,,,,,,
,,47,16,"0,043",,,,,,,,,,,,,,,,,
,,57,19,"0,059",,,,,,,,,,,,,,,,,
,"2,00",9,4,"0,004",,,,,,,,,,,,,,,,,
,,19,7,"0,010",,,,,,,,,,,,,,,,,
,,28,10,"0,019",,,,,,,,,,,,,,,,,
,,38,13,"0,030",,,,,,,,,,,,,,,,,
,,47,16,"0,045",,,,,,,,,,,,,,,,,
,,57,19,"0,062",,,,,,,,,,,,,,,,,
,"2,10",9,4,"0,004",,,,,,,,,,,,,,,,,
,,19,7,"0,011",,,,,,,,,,,,,,,,,
,,28,10,"0,020",,,,,,,,,,,,,,,,,
,,38,13,"0,031",,,,,,,,,,,,,,,,,
,,47,16,"0,048",,,,,,,,,,,,,,,,,
,,57,19,"0,065",,,,,,,,,,,,,,,,,
"Tabel A.4 ̶ AI (Kayu bundar kecil) (p : 2,20 - 2,70 m; d : 4 - 19 cm) ","2,20",9,4,"0,004",,,,,,,,,,,,,,,,,
,,19,7,"0,011",,,,,,,,,,,,,,,,,
,,28,10,"0,021",,,,,,,,,,,,,,,,,
,,38,13,"0,034",,,,,,,,,,,,,,,,,
,,47,16,"0,050",,,,,,,,,,,,,,,,,
,,57,19,"0,069",,,,,,,,,,,,,,,,,
,"2,30",9,4,"0,005",,,,,,,,,,,,,,,,,
,,19,7,"0,012",,,,,,,,,,,,,,,,,
,,28,10,"0,022",,,,,,,,,,,,,,,,,
,,38,13,"0,036",,,,,,,,,,,,,,,,,
,,47,16,"0,053",,,,,,,,,,,,,,,,,
,,57,19,"0,072",,,,,,,,,,,,,,,,,
,"2,40",9,4,"0,005",,,,,,,,,,,,,,,,,
,,19,7,"0,012",,,,,,,,,,,,,,,,,
,,28,10,"0,023",,,,,,,,,,,,,,,,,
,,38,13,"0,037",,,,,,,,,,,,,,,,,
,,47,16,"0,055",,,,,,,,,,,,,,,,,
,,57,19,"0,076",,,,,,,,,,,,,,,,,
,"2,50",9,4,"0,005",,,,,,,,,,,,,,,,,
,,19,7,"0,013",,,,,,,,,,,,,,,,,
,,28,10,"0,024",,,,,,,,,,,,,,,,,
,,38,13,"0,039",,,,,,,,,,,,,,,,,
,,47,16,"0,058",,,,,,,,,,,,,,,,,
,,57,19,"0,079",,,,,,,,,,,,,,,,,
,"2,60",9,4,"0,005",,,,,,,,,,,,,,,,,
,,19,7,"0,014",,,,,,,,,,,,,,,,,
,,28,10,"0,025",,,,,,,,,,,,,,,,,
,,38,13,"0,041",,,,,,,,,,,,,,,,,
,,47,16,"0,061",,,,,,,,,,,,,,,,,
,,57,19,"0,083",,,,,,,,,,,,,,,,,
,"2,70",9,4,"0,005",,,,,,,,,,,,,,,,,
,,19,7,"0,014",,,,,,,,,,,,,,,,,
,,28,10,"0,026",,,,,,,,,,,,,,,,,
,,38,13,"0,043",,,,,,,,,,,,,,,,,
,,47,16,"0,063",,,,,,,,,,,,,,,,,
,,57,19,"0,087",,,,,,,,,,,,,,,,,
"Tabel A.5 ̶ AI (Kayu bundar kecil) (p : 2,80 - 3,30 m; d : 4 - 19 cm) ","2,80",9,4,"0,006",,,,,,,,,,,,,,,,,
,,19,7,"0,015",,,,,,,,,,,,,,,,,
,,28,10,"0,028",,,,,,,,,,,,,,,,,
,,38,13,"0,045",,,,,,,,,,,,,,,,,
,,47,16,"0,066",,,,,,,,,,,,,,,,,
,,57,19,"0,090",,,,,,,,,,,,,,,,,
,"2,90",9,4,"0,006",,,,,,,,,,,,,,,,,
,,19,7,"0,015",,,,,,,,,,,,,,,,,
,,28,10,"0,029",,,,,,,,,,,,,,,,,
,,38,13,"0,047",,,,,,,,,,,,,,,,,
,,47,16,"0,068",,,,,,,,,,,,,,,,,
,,57,19,"0,094",,,,,,,,,,,,,,,,,
,"3,00",9,4,"0,006",,,,,,,,,,,,,,,,,
,,19,7,"0,016",,,,,,,,,,,,,,,,,
,,28,10,"0,030",,,,,,,,,,,,,,,,,
,,38,13,"0,049",,,,,,,,,,,,,,,,,
,,47,16,"0,071",,,,,,,,,,,,,,,,,
,,57,19,"0,098",,,,,,,,,,,,,,,,,
,"3,10",9,4,"0,006",,,,,,,,,,,,,,,,,
,,19,7,"0,017",,,,,,,,,,,,,,,,,
,,28,10,"0,031",,,,,,,,,,,,,,,,,
,,38,13,"0,051",,,,,,,,,,,,,,,,,
,,47,16,"0,074",,,,,,,,,,,,,,,,,
,,57,19,"0,102",,,,,,,,,,,,,,,,,
,"3,20",9,4,"0,006",,,,,,,,,,,,,,,,,
,,19,7,"0,017",,,,,,,,,,,,,,,,,
,,28,10,"0,033",,,,,,,,,,,,,,,,,
,,38,13,"0,053",,,,,,,,,,,,,,,,,
,,47,16,"0,077",,,,,,,,,,,,,,,,,
,,57,19,"0,106",,,,,,,,,,,,,,,,,
,"3,30",9,4,"0,007",,,,,,,,,,,,,,,,,
,,19,7,"0,018",,,,,,,,,,,,,,,,,
,,28,10,"0,034",,,,,,,,,,,,,,,,,
,,38,13,"0,055",,,,,,,,,,,,,,,,,
,,47,16,"0,079",,,,,,,,,,,,,,,,,
,,57,19,"0,109",,,,,,,,,,,,,,,,,
"Tabel A.6 ̶ AI (Kayu bundar kecil) (p : 3,40 - 3,90 m; d : 4 - 19 cm) ","3,40",9,4,"0,007",,,,,,,,,,,,,,,,,
,,19,7,"0,018",,,,,,,,,,,,,,,,,
,,28,10,"0,036",,,,,,,,,,,,,,,,,
,,38,13,"0,057",,,,,,,,,,,,,,,,,
,,47,16,"0,082",,,,,,,,,,,,,,,,,
,,57,19,"0,113",,,,,,,,,,,,,,,,,
,"3,50",9,4,"0,007",,,,,,,,,,,,,,,,,
,,19,7,"0,019",,,,,,,,,,,,,,,,,
,,28,10,"0,037",,,,,,,,,,,,,,,,,
,,38,13,"0,059",,,,,,,,,,,,,,,,,
,,47,16,"0,085",,,,,,,,,,,,,,,,,
,,57,19,"0,117",,,,,,,,,,,,,,,,,
,"3,60",9,4,"0,007",,,,,,,,,,,,,,,,,
,,19,7,"0,020",,,,,,,,,,,,,,,,,
,,28,10,"0,038",,,,,,,,,,,,,,,,,
,,38,13,"0,061",,,,,,,,,,,,,,,,,
,,47,16,"0,088",,,,,,,,,,,,,,,,,
,,57,19,"0,121",,,,,,,,,,,,,,,,,
,"3,70",9,4,"0,007",,,,,,,,,,,,,,,,,
,,19,7,"0,021",,,,,,,,,,,,,,,,,
,,28,10,"0,039",,,,,,,,,,,,,,,,,
,,38,13,"0,063",,,,,,,,,,,,,,,,,
,,47,16,"0,091",,,,,,,,,,,,,,,,,
,,57,19,"0,125",,,,,,,,,,,,,,,,,
,"3,80",9,4,"0,008",,,,,,,,,,,,,,,,,
,,19,7,"0,021",,,,,,,,,,,,,,,,,
,,28,10,"0,041",,,,,,,,,,,,,,,,,
,,38,13,"0,065",,,,,,,,,,,,,,,,,
,,47,16,"0,094",,,,,,,,,,,,,,,,,
,,57,19,"0,129",,,,,,,,,,,,,,,,,
,"3,90",9,4,"0,008",,,,,,,,,,,,,,,,,
,,19,7,"0,022",,,,,,,,,,,,,,,,,
,,28,10,"0,042",,,,,,,,,,,,,,,,,
,,38,13,"0,067",,,,,,,,,,,,,,,,,
,,47,16,"0,097",,,,,,,,,,,,,,,,,
,,57,19,"0,133",,,,,,,,,,,,,,,,,
"Tabel A.7 ̶ AI (Kayu bundar kecil) (p : 4,00 - 4,50 m; d : 4 - 19 cm) ","4,00",9,4,"0,008",,,,,,,,,,,,,,,,,
,,19,7,"0,023",,,,,,,,,,,,,,,,,
,,28,10,"0,043",,,,,,,,,,,,,,,,,
,,38,13,"0,069",,,,,,,,,,,,,,,,,
,,47,16,"0,100",,,,,,,,,,,,,,,,,
,,57,19,"0,137",,,,,,,,,,,,,,,,,
,"4,10",9,4,"0,008",,,,,,,,,,,,,,,,,
,,19,7,"0,024",,,,,,,,,,,,,,,,,
,,28,10,"0,044",,,,,,,,,,,,,,,,,
,,38,13,"0,071",,,,,,,,,,,,,,,,,
,,47,16,"0,103",,,,,,,,,,,,,,,,,
,,57,19,"0,141",,,,,,,,,,,,,,,,,
,"4,20",9,4,"0,009",,,,,,,,,,,,,,,,,
,,19,7,"0,024",,,,,,,,,,,,,,,,,
,,28,10,"0,046",,,,,,,,,,,,,,,,,
,,38,13,"0,073",,,,,,,,,,,,,,,,,
,,47,16,"0,106",,,,,,,,,,,,,,,,,
,,57,19,"0,145",,,,,,,,,,,,,,,,,
,"4,30",9,4,"0,009",,,,,,,,,,,,,,,,,
,,19,7,"0,025",,,,,,,,,,,,,,,,,
,,28,10,"0,047",,,,,,,,,,,,,,,,,
,,38,13,"0,076",,,,,,,,,,,,,,,,,
,,47,16,"0,110",,,,,,,,,,,,,,,,,
,,57,19,"0,150",,,,,,,,,,,,,,,,,
,"4,40",9,4,"0,010",,,,,,,,,,,,,,,,,
,,19,7,"0,025",,,,,,,,,,,,,,,,,
,,28,10,"0,049",,,,,,,,,,,,,,,,,
,,38,13,"0,078",,,,,,,,,,,,,,,,,
,,47,16,"0,113",,,,,,,,,,,,,,,,,
,,57,19,"0,154",,,,,,,,,,,,,,,,,
,"4,50",9,4,"0,010",,,,,,,,,,,,,,,,,
,,19,7,"0,026",,,,,,,,,,,,,,,,,
,,28,10,"0,050",,,,,,,,,,,,,,,,,
,,38,13,"0,080",,,,,,,,,,,,,,,,,
,,47,16,"0,116",,,,,,,,,,,,,,,,,
,,57,19,"0,158",,,,,,,,,,,,,,,,,
"Tabel A.8 ̶ AI (Kayu bundar kecil) (p : 4,60 - 5,10 m; d : 4 - 19 cm)","4,60",9,4,"0,010",,,,,,,,,,,,,,,,,
,,19,7,"0,027",,,,,,,,,,,,,,,,,
,,28,10,"0,052",,,,,,,,,,,,,,,,,
,,38,13,"0,082",,,,,,,,,,,,,,,,,
,,47,16,"0,119",,,,,,,,,,,,,,,,,
,,57,19,"0,162",,,,,,,,,,,,,,,,,
,"4,70",9,4,"0,010",,,,,,,,,,,,,,,,,
,,19,7,"0,028",,,,,,,,,,,,,,,,,
,,28,10,"0,053",,,,,,,,,,,,,,,,,
,,38,13,"0,085",,,,,,,,,,,,,,,,,
,,47,16,"0,123",,,,,,,,,,,,,,,,,
,,57,19,"0,167",,,,,,,,,,,,,,,,,
,"4,80",9,4,"0,011",,,,,,,,,,,,,,,,,
,,19,7,"0,028",,,,,,,,,,,,,,,,,
,,28,10,"0,055",,,,,,,,,,,,,,,,,
,,38,13,"0,087",,,,,,,,,,,,,,,,,
,,47,16,"0,126",,,,,,,,,,,,,,,,,
,,57,19,"0,171",,,,,,,,,,,,,,,,,
,"4,90",9,4,"0,011",,,,,,,,,,,,,,,,,
,,19,7,"0,029",,,,,,,,,,,,,,,,,
,,28,10,"0,056",,,,,,,,,,,,,,,,,
,,38,13,"0,090",,,,,,,,,,,,,,,,,
,,47,16,"0,130",,,,,,,,,,,,,,,,,
,,57,19,"0,176",,,,,,,,,,,,,,,,,
,"5,00",9,4,"0,110",,,,,,,,,,,,,,,,,
,,19,7,"0,030",,,,,,,,,,,,,,,,,
,,28,10,"0,058",,,,,,,,,,,,,,,,,
,,38,13,"0,092",,,,,,,,,,,,,,,,,
,,47,16,"0,133",,,,,,,,,,,,,,,,,
,,57,19,"0,180",,,,,,,,,,,,,,,,,
,"5,10",9,4,"0,110",,,,,,,,,,,,,,,,,
,,19,7,"0,031",,,,,,,,,,,,,,,,,
,,28,10,"0,059",,,,,,,,,,,,,,,,,
,,38,13,"0,094",,,,,,,,,,,,,,,,,
,,47,16,"0,136",,,,,,,,,,,,,,,,,
,,57,19,"0,184",,,,,,,,,,,,,,,,,
"Tabel A.9 ̶ AI (Kayu bundar kecil) (p : 5,20 - 5,70 m; d : 4 – 19 cm) ","5,20",9,4,"0,012",,,,,,,,,,,,,,,,,
,,19,7,"0,032",,,,,,,,,,,,,,,,,
,,28,10,"0,061",,,,,,,,,,,,,,,,,
,,38,13,"0,097",,,,,,,,,,,,,,,,,
,,47,16,"0,139",,,,,,,,,,,,,,,,,
,,57,19,"0,189",,,,,,,,,,,,,,,,,
,"5,30",9,4,"0,012",,,,,,,,,,,,,,,,,
,,19,7,"0,033",,,,,,,,,,,,,,,,,
,,28,10,"0,062",,,,,,,,,,,,,,,,,
,,38,13,"0,099",,,,,,,,,,,,,,,,,
,,47,16,"0,143",,,,,,,,,,,,,,,,,
,,57,19,"0,193",,,,,,,,,,,,,,,,,
,"5,40",9,4,"0,013",,,,,,,,,,,,,,,,,
,,19,7,"0,034",,,,,,,,,,,,,,,,,
,,28,10,"0,064",,,,,,,,,,,,,,,,,
,,38,13,"0,102",,,,,,,,,,,,,,,,,
,,47,16,"0,146",,,,,,,,,,,,,,,,,
,,57,19,"0,198",,,,,,,,,,,,,,,,,
,"5,50",9,4,"0,013",,,,,,,,,,,,,,,,,
,,19,7,"0,035",,,,,,,,,,,,,,,,,
,,28,10,"0,065",,,,,,,,,,,,,,,,,
,,38,13,"0,104",,,,,,,,,,,,,,,,,
,,47,16,"0,149",,,,,,,,,,,,,,,,,
,,57,19,"0,202",,,,,,,,,,,,,,,,,
,"5,60",9,4,"0,013",,,,,,,,,,,,,,,,,
,,19,7,"0,036",,,,,,,,,,,,,,,,,
,,28,10,"0,067",,,,,,,,,,,,,,,,,
,,38,13,"0,107",,,,,,,,,,,,,,,,,
,,47,16,"0,153",,,,,,,,,,,,,,,,,
,,57,19,"0,207",,,,,,,,,,,,,,,,,
,"5,70",9,4,"0,013",,,,,,,,,,,,,,,,,
,,19,7,"0,037",,,,,,,,,,,,,,,,,
,,28,10,"0,069",,,,,,,,,,,,,,,,,
,,38,13,"0,109",,,,,,,,,,,,,,,,,
,,47,16,"0,157",,,,,,,,,,,,,,,,,
,,57,19,"0,212",,,,,,,,,,,,,,,,,
"Tabel A.10 ̶ AI (Kayu bundar kecil) (p : 5,80 - 6,30 m; d : 4 - 19 cm)","5,80",9,4,"0,014",,,,,,,,,,,,,,,,,
,,19,7,"0,037",,,,,,,,,,,,,,,,,
,,28,10,"0,070",,,,,,,,,,,,,,,,,
,,38,13,"0,112",,,,,,,,,,,,,,,,,
,,47,16,"0,160",,,,,,,,,,,,,,,,,
,,57,19,"0,216",,,,,,,,,,,,,,,,,
,"5,90",9,4,"0,014",,,,,,,,,,,,,,,,,
,,19,7,"0,038",,,,,,,,,,,,,,,,,
,,28,10,"0,072",,,,,,,,,,,,,,,,,
,,38,13,"0,114",,,,,,,,,,,,,,,,,
,,47,16,"0,164",,,,,,,,,,,,,,,,,
,,57,19,"0,221",,,,,,,,,,,,,,,,,
,"6,00",9,4,"0,014",,,,,,,,,,,,,,,,,
,,19,7,"0,039",,,,,,,,,,,,,,,,,
,,28,10,"0,074",,,,,,,,,,,,,,,,,
,,38,13,"0,117",,,,,,,,,,,,,,,,,
,,47,16,"0,168",,,,,,,,,,,,,,,,,
,,57,19,"0,226",,,,,,,,,,,,,,,,,
,"6,10",9,4,0,,,,,,,,,,,,,,,,,
,,19,7,"0,040",,,,,,,,,,,,,,,,,
,,28,10,"0,076",,,,,,,,,,,,,,,,,
,,38,13,"0,120",,,,,,,,,,,,,,,,,
,,47,16,"0,172",,,,,,,,,,,,,,,,,
,,57,19,"0,231",,,,,,,,,,,,,,,,,
,"6,20",9,4,0,,,,,,,,,,,,,,,,,
,,19,7,"0,041",,,,,,,,,,,,,,,,,
,,28,10,"0,078",,,,,,,,,,,,,,,,,
,,38,13,"0,122",,,,,,,,,,,,,,,,,
,,47,16,"0,175",,,,,,,,,,,,,,,,,
,,57,19,"0,236",,,,,,,,,,,,,,,,,
,"6,30",9,4,0,,,,,,,,,,,,,,,,,
,,19,7,"0,042",,,,,,,,,,,,,,,,,
,,28,10,"0,079",,,,,,,,,,,,,,,,,
,,38,13,"0,125",,,,,,,,,,,,,,,,,
,,47,16,"0,179",,,,,,,,,,,,,,,,,
,,57,19,"0,241",,,,,,,,,,,,,,,,,
"Tabel A.11 ̶ AI (Kayu bundar kecil) (p : 6,40 - 6,90 m; d : 4 - 19 cm)","6,40",9,4,0,,,,,,,,,,,,,,,,,
,,19,7,"0,043",,,,,,,,,,,,,,,,,
,,28,10,"0,081",,,,,,,,,,,,,,,,,
,,38,13,"0,127",,,,,,,,,,,,,,,,,
,,47,16,"0,182",,,,,,,,,,,,,,,,,
,,57,19,"0,246",,,,,,,,,,,,,,,,,
,"6,50",9,4,0,,,,,,,,,,,,,,,,,
,,19,7,"0,044",,,,,,,,,,,,,,,,,
,,28,10,"0,083",,,,,,,,,,,,,,,,,
,,38,13,"0,130",,,,,,,,,,,,,,,,,
,,47,16,"0,186",,,,,,,,,,,,,,,,,
,,57,19,"0,251",,,,,,,,,,,,,,,,,
,"6,60",9,4,0,,,,,,,,,,,,,,,,,
,,19,7,"0,045",,,,,,,,,,,,,,,,,
,,28,10,"0,085",,,,,,,,,,,,,,,,,
,,38,13,"0,133",,,,,,,,,,,,,,,,,
,,47,16,"0,190",,,,,,,,,,,,,,,,,
,,57,19,"0,256",,,,,,,,,,,,,,,,,
,"6,70",9,4,0,,,,,,,,,,,,,,,,,
,,19,7,"0,046",,,,,,,,,,,,,,,,,
,,28,10,"0,087",,,,,,,,,,,,,,,,,
,,38,13,"0,136",,,,,,,,,,,,,,,,,
,,47,16,"0,194",,,,,,,,,,,,,,,,,
,,57,19,"0,261",,,,,,,,,,,,,,,,,
,"6,80",9,4,0,,,,,,,,,,,,,,,,,
,,19,7,"0,047",,,,,,,,,,,,,,,,,
,,28,10,"0,088",,,,,,,,,,,,,,,,,
,,38,13,"0,138",,,,,,,,,,,,,,,,,
,,47,16,"0,196",,,,,,,,,,,,,,,,,
,,57,19,"0,267",,,,,,,,,,,,,,,,,
,"6,90",9,4,0,,,,,,,,,,,,,,,,,
,,19,7,"0,048",,,,,,,,,,,,,,,,,
,,28,10,"0,090",,,,,,,,,,,,,,,,,
,,38,13,"0,141",,,,,,,,,,,,,,,,,
,,47,16,"0,202",,,,,,,,,,,,,,,,,
,,57,19,"0,272",,,,,,,,,,,,,,,,,
"Tabel A.12 ̶ AI (Kayu bundar kecil) (p : 7,00 - 7,50 m; d : 4 - 19 cm) ","7,00",9,4,0,,,,,,,,,,,,,,,,,
,,19,7,"0,049",,,,,,,,,,,,,,,,,
,,28,10,"0,092",,,,,,,,,,,,,,,,,
,,38,13,"0,144",,,,,,,,,,,,,,,,,
,,47,16,"0,206",,,,,,,,,,,,,,,,,
,,57,19,"0,277",,,,,,,,,,,,,,,,,
,"7,10",9,4,0,,,,,,,,,,,,,,,,,
,,19,7,"0,050",,,,,,,,,,,,,,,,,
,,28,10,"0,094",,,,,,,,,,,,,,,,,
,,38,13,"0,147",,,,,,,,,,,,,,,,,
,,47,16,"0,210",,,,,,,,,,,,,,,,,
,,57,19,"0,282",,,,,,,,,,,,,,,,,
,"7,20",9,4,0,,,,,,,,,,,,,,,,,
,,19,7,"0,051",,,,,,,,,,,,,,,,,
,,28,10,"0,096",,,,,,,,,,,,,,,,,
,,38,13,"0,150",,,,,,,,,,,,,,,,,
,,47,16,"0,214",,,,,,,,,,,,,,,,,
,,57,19,"0,288",,,,,,,,,,,,,,,,,
,"7,30",9,4,0,,,,,,,,,,,,,,,,,
,,19,7,"0,052",,,,,,,,,,,,,,,,,
,,28,10,"0,098",,,,,,,,,,,,,,,,,
,,38,13,"0,153",,,,,,,,,,,,,,,,,
,,47,16,"0,219",,,,,,,,,,,,,,,,,
,,57,19,"0,293",,,,,,,,,,,,,,,,,
,"7,40",9,4,0,,,,,,,,,,,,,,,,,
,,19,7,"0,053",,,,,,,,,,,,,,,,,
,,28,10,"0,100",,,,,,,,,,,,,,,,,
,,38,13,"0,156",,,,,,,,,,,,,,,,,
,,47,16,"0,223",,,,,,,,,,,,,,,,,
,,57,19,"0,299",,,,,,,,,,,,,,,,,
,"7,50",9,4,0,,,,,,,,,,,,,,,,,
,,19,7,"0,054",,,,,,,,,,,,,,,,,
,,28,10,"0,102",,,,,,,,,,,,,,,,,
,,38,13,"0,159",,,,,,,,,,,,,,,,,
,,47,16,"0,227",,,,,,,,,,,,,,,,,
,,57,19,"0,304",,,,,,,,,,,,,,,,,
"Tabel A.12  ̶  AI (Kayu bundar kecil) (p : 7,60 - 8,10 m; d : 4 - 19 cm)","7,60",9,4,0,,,,,,,,,,,,,,,,,
,,19,7,"0,055",,,,,,,,,,,,,,,,,
,,28,10,"0,104",,,,,,,,,,,,,,,,,
,,38,13,"0,162",,,,,,,,,,,,,,,,,
,,47,16,"0,231",,,,,,,,,,,,,,,,,
,,57,19,"0,309",,,,,,,,,,,,,,,,,
,"7,70",9,4,0,,,,,,,,,,,,,,,,,
,,19,7,"0,056",,,,,,,,,,,,,,,,,
,,28,10,"0,106",,,,,,,,,,,,,,,,,
,,38,13,"0,165",,,,,,,,,,,,,,,,,
,,47,16,"0,236",,,,,,,,,,,,,,,,,
,,57,19,"0,315",,,,,,,,,,,,,,,,,
,"7,80",9,4,0,,,,,,,,,,,,,,,,,
,,19,7,"0,058",,,,,,,,,,,,,,,,,
,,28,10,"0,108",,,,,,,,,,,,,,,,,
,,38,13,"0,169",,,,,,,,,,,,,,,,,
,,47,16,"0,240",,,,,,,,,,,,,,,,,
,,57,19,"0,320",,,,,,,,,,,,,,,,,
,"7,90",9,4,0,,,,,,,,,,,,,,,,,
,,19,7,"0,059",,,,,,,,,,,,,,,,,
,,28,10,"0,110",,,,,,,,,,,,,,,,,
,,38,13,"0,172",,,,,,,,,,,,,,,,,
,,47,16,"0,245",,,,,,,,,,,,,,,,,
,,57,19,"0,326",,,,,,,,,,,,,,,,,
,"8,00",9,4,0,,,,,,,,,,,,,,,,,
,,19,7,"0,060",,,,,,,,,,,,,,,,,
,,28,10,"0,112",,,,,,,,,,,,,,,,,
,,38,13,"0,175",,,,,,,,,,,,,,,,,
,,47,16,"0,249",,,,,,,,,,,,,,,,,
,,57,19,"0,331",,,,,,,,,,,,,,,,,
,"8,10",9,4,0,,,,,,,,,,,,,,,,,
,,19,7,0,,,,,,,,,,,,,,,,,
,,28,10,"0,114",,,,,,,,,,,,,,,,,
,,38,13,"0,178",,,,,,,,,,,,,,,,,
,,47,16,"0,253",,,,,,,,,,,,,,,,,
,,57,19,"0,337",,,,,,,,,,,,,,,,,
"Tabel A.14 ̶ AI (Kayu bundar kecil) (p : 8,20 - 8,70 m; d : 4 - 19 cm) ","8,20",9,4,0,,,,,,,,,,,,,,,,,
,,19,7,0,,,,,,,,,,,,,,,,,
,,28,10,"0,116",,,,,,,,,,,,,,,,,
,,38,13,"0,181",,,,,,,,,,,,,,,,,
,,47,16,"0,258",,,,,,,,,,,,,,,,,
,,57,19,"0,343",,,,,,,,,,,,,,,,,
,"8,30",9,4,0,,,,,,,,,,,,,,,,,
,,19,7,0,,,,,,,,,,,,,,,,,
,,28,10,"0,119",,,,,,,,,,,,,,,,,
,,38,13,"0,185",,,,,,,,,,,,,,,,,
,,47,16,"0,262",,,,,,,,,,,,,,,,,
,,57,19,"0,349",,,,,,,,,,,,,,,,,
,"8,40",9,4,0,,,,,,,,,,,,,,,,,
,,19,7,0,,,,,,,,,,,,,,,,,
,,28,10,"0,121",,,,,,,,,,,,,,,,,
,,38,13,"0,188",,,,,,,,,,,,,,,,,
,,47,16,"0,267",,,,,,,,,,,,,,,,,
,,57,19,"0,355",,,,,,,,,,,,,,,,,
,"8,50",9,4,0,,,,,,,,,,,,,,,,,
,,19,7,0,,,,,,,,,,,,,,,,,
,,28,10,"0,123",,,,,,,,,,,,,,,,,
,,38,13,"0,191",,,,,,,,,,,,,,,,,
,,47,16,"0,271",,,,,,,,,,,,,,,,,
,,57,19,"0,361",,,,,,,,,,,,,,,,,
,"8,60",9,4,0,,,,,,,,,,,,,,,,,
,,19,7,0,,,,,,,,,,,,,,,,,
,,28,10,"0,125",,,,,,,,,,,,,,,,,
,,38,13,"0,194",,,,,,,,,,,,,,,,,
,,47,16,"0,276",,,,,,,,,,,,,,,,,
,,57,19,"0,367",,,,,,,,,,,,,,,,,
,"8,70",9,4,0,,,,,,,,,,,,,,,,,
,,19,7,0,,,,,,,,,,,,,,,,,
,,28,10,"0,127",,,,,,,,,,,,,,,,,
,,38,13,"0,198",,,,,,,,,,,,,,,,,
,,47,16,"0,280",,,,,,,,,,,,,,,,,
,,57,19,"0,373",,,,,,,,,,,,,,,,,
"Tabel A.15 ̶ AI (Kayu bundar kecil) (p : 8,80 - 9,30 m; d : 4 - 19 cm) ","8,80",9,4,0,,,,,,,,,,,,,,,,,
,,19,7,0,,,,,,,,,,,,,,,,,
,,28,10,"0,130",,,,,,,,,,,,,,,,,
,,38,13,"0,201",,,,,,,,,,,,,,,,,
,,47,16,"0,285",,,,,,,,,,,,,,,,,
,,57,19,"0,379",,,,,,,,,,,,,,,,,
,"8,90",9,4,0,,,,,,,,,,,,,,,,,
,,19,7,0,,,,,,,,,,,,,,,,,
,,28,10,"0,132",,,,,,,,,,,,,,,,,
,,38,13,"0,205",,,,,,,,,,,,,,,,,
,,47,16,"0,289",,,,,,,,,,,,,,,,,
,,57,19,"0,385",,,,,,,,,,,,,,,,,
,"9,00",9,4,0,,,,,,,,,,,,,,,,,
,,19,7,0,,,,,,,,,,,,,,,,,
,,28,10,"0,134",,,,,,,,,,,,,,,,,
,,38,13,"0,208",,,,,,,,,,,,,,,,,
,,47,16,"0,294",,,,,,,,,,,,,,,,,
,,57,19,"0,391",,,,,,,,,,,,,,,,,
,"9,10",9,4,0,,,,,,,,,,,,,,,,,
,,19,7,0,,,,,,,,,,,,,,,,,
,,28,10,"0,136",,,,,,,,,,,,,,,,,
,,38,13,"0,212",,,,,,,,,,,,,,,,,
,,47,16,"0,299",,,,,,,,,,,,,,,,,
,,57,19,"0,397",,,,,,,,,,,,,,,,,
,"9,20",9,4,0,,,,,,,,,,,,,,,,,
,,19,7,0,,,,,,,,,,,,,,,,,
,,28,10,"0,139",,,,,,,,,,,,,,,,,
,,38,13,"0,215",,,,,,,,,,,,,,,,,
,,47,16,"0,304",,,,,,,,,,,,,,,,,
,,57,19,"0,403",,,,,,,,,,,,,,,,,
,"9,30",9,4,0,,,,,,,,,,,,,,,,,
,,19,7,0,,,,,,,,,,,,,,,,,
,,28,10,"0,141",,,,,,,,,,,,,,,,,
,,38,13,"0,219",,,,,,,,,,,,,,,,,
,,47,16,"0,309",,,,,,,,,,,,,,,,,
,,57,19,"0,410",,,,,,,,,,,,,,,,,
"Tabel A.16 ̶ AI (Kayu bundar kecil) (p : 9,40 - 9,90 m; d : 4 - 19 cm) ","9,40",9,4,0,,,,,,,,,,,,,,,,,
,,19,7,0,,,,,,,,,,,,,,,,,
,,28,10,"0,144",,,,,,,,,,,,,,,,,
,,38,13,"0,222",,,,,,,,,,,,,,,,,
,,47,16,"0,314",,,,,,,,,,,,,,,,,
,,57,19,"0,416",,,,,,,,,,,,,,,,,
,"9,50",9,4,0,,,,,,,,,,,,,,,,,
,,19,7,0,,,,,,,,,,,,,,,,,
,,28,10,"0,146",,,,,,,,,,,,,,,,,
,,38,13,"0,226",,,,,,,,,,,,,,,,,
,,47,16,"0,319",,,,,,,,,,,,,,,,,
,,57,19,"0,422",,,,,,,,,,,,,,,,,
,"9,60",9,4,0,,,,,,,,,,,,,,,,,
,,19,7,0,,,,,,,,,,,,,,,,,
,,28,10,"0,148",,,,,,,,,,,,,,,,,
,,38,13,"0,230",,,,,,,,,,,,,,,,,
,,47,16,"0,324",,,,,,,,,,,,,,,,,
,,57,19,"0,429",,,,,,,,,,,,,,,,,
,"9,70",9,4,0,,,,,,,,,,,,,,,,,
,,19,7,0,,,,,,,,,,,,,,,,,
,,28,10,"0,151",,,,,,,,,,,,,,,,,
,,38,13,"0,233",,,,,,,,,,,,,,,,,
,,47,16,"0,329",,,,,,,,,,,,,,,,,
,,57,19,"0,435",,,,,,,,,,,,,,,,,
,"9,80",9,4,0,,,,,,,,,,,,,,,,,
,,19,7,0,,,,,,,,,,,,,,,,,
,,28,10,"0,153",,,,,,,,,,,,,,,,,
,,38,13,"0,237",,,,,,,,,,,,,,,,,
,,47,16,"0,334",,,,,,,,,,,,,,,,,
,,57,19,"0,442",,,,,,,,,,,,,,,,,
,"9,90",9,4,0,,,,,,,,,,,,,,,,,
,,19,7,0,,,,,,,,,,,,,,,,,
,,28,10,"0,156",,,,,,,,,,,,,,,,,
,,38,13,"0,240",,,,,,,,,,,,,,,,,
,,47,16,"0,339",,,,,,,,,,,,,,,,,
,,57,19,"0,448",,,,,,,,,,,,,,,,,
"Tabel A.17 ̶ AI (Kayu bundar kecil) (p : 10,0 - 12,50 m; d : 4 - 19 cm)","10,00",9,4,0,,,,,,,,,,,,,,,,,
,,19,7,0,,,,,,,,,,,,,,,,,
,,28,10,"0,158",,,,,,,,,,,,,,,,,
,,38,13,"0,244",,,,,,,,,,,,,,,,,
,,47,16,"0,344",,,,,,,,,,,,,,,,,
,,57,19,"0,455",,,,,,,,,,,,,,,,,
,"10,50",9,4,0,,,,,,,,,,,,,,,,,
,,19,7,0,,,,,,,,,,,,,,,,,
,,28,10,0,,,,,,,,,,,,,,,,,
,,38,13,"0,264",,,,,,,,,,,,,,,,,
,,47,16,"0,370",,,,,,,,,,,,,,,,,
,,57,19,"0,489",,,,,,,,,,,,,,,,,
,"11,00",9,4,0,,,,,,,,,,,,,,,,,
,,19,7,0,,,,,,,,,,,,,,,,,
,,28,10,0,,,,,,,,,,,,,,,,,
,,38,13,"0,284",,,,,,,,,,,,,,,,,
,,47,16,"0,397",,,,,,,,,,,,,,,,,
,,57,19,"0,524",,,,,,,,,,,,,,,,,
,"11,50",9,4,0,,,,,,,,,,,,,,,,,
,,19,7,0,,,,,,,,,,,,,,,,,
,,28,10,0,,,,,,,,,,,,,,,,,
,,38,13,"0,306",,,,,,,,,,,,,,,,,
,,47,16,"0,426",,,,,,,,,,,,,,,,,
,,57,19,"0,561",,,,,,,,,,,,,,,,,
,,9,4,0,,,,,,,,,,,,,,,,,
,"12,00",19,7,0,,,,,,,,,,,,,,,,,
,,28,10,0,,,,,,,,,,,,,,,,,
,,38,13,"0,327",,,,,,,,,,,,,,,,,
,,47,16,"0,455",,,,,,,,,,,,,,,,,
,,57,19,"0,597",,,,,,,,,,,,,,,,,
,"12,50",9,4,0,,,,,,,,,,,,,,,,,
,,19,7,0,,,,,,,,,,,,,,,,,
,,28,10,0,,,,,,,,,,,,,,,,,
,,38,13,"0,350",,,,,,,,,,,,,,,,,
,,47,16,"0,487",,,,,,,,,,,,,,,,,
,,57,19,"0,637",,,,,,,,,,,,,,,,,
"Tabel A.18 ̶ AI (Kayu bundar kecil) (p : 13,0 - 15,0 m; d : 4 - 19 cm) ","13,00",9,4,0,,,,,,,,,,,,,,,,,
,,19,7,0,,,,,,,,,,,,,,,,,
,,28,10,0,,,,,,,,,,,,,,,,,
,,38,13,"0,373",,,,,,,,,,,,,,,,,
,,47,16,"0,518",,,,,,,,,,,,,,,,,
,,57,19,"0,676",,,,,,,,,,,,,,,,,
,"13,50",9,4,0,,,,,,,,,,,,,,,,,
,,19,7,0,,,,,,,,,,,,,,,,,
,,28,10,0,,,,,,,,,,,,,,,,,
,,38,13,"0,398",,,,,,,,,,,,,,,,,
,,47,16,"0,552",,,,,,,,,,,,,,,,,
,,57,19,"0,719",,,,,,,,,,,,,,,,,
,"14,00",9,4,0,,,,,,,,,,,,,,,,,
,,19,7,0,,,,,,,,,,,,,,,,,
,,28,10,0,,,,,,,,,,,,,,,,,
,,38,13,"0,423",,,,,,,,,,,,,,,,,
,,47,16,"0,585",,,,,,,,,,,,,,,,,
,,57,19,"0,761",,,,,,,,,,,,,,,,,
,"14,50",9,4,0,,,,,,,,,,,,,,,,,
,,19,7,0,,,,,,,,,,,,,,,,,
,,28,10,0,,,,,,,,,,,,,,,,,
,,38,13,"0,450",,,,,,,,,,,,,,,,,
,,47,16,"0,622",,,,,,,,,,,,,,,,,
,,57,19,"0,806",,,,,,,,,,,,,,,,,
,"15,00",9,4,0,,,,,,,,,,,,,,,,,
,,19,7,0,,,,,,,,,,,,,,,,,
,,28,9,0,,,,,,,,,,,,,,,,,
,,38,13,"0,477",,,,,,,,,,,,,,,,,
,,47,16,"0,658",,,,,,,,,,,,,,,,,
,,57,19,"0,851",,,,,,,,,,,,,,,,,
"Tabel B.1 ̶ AII (Kayu bundar sedang) (p : 0,40 - 0,80 m; d : 21 – 29 cm) ","0,40",66,21,"0,015",,,,,,,,,,,,,,,,,
,,69,22,"0,017",,,,,,,,,,,,,,,,,667
,,72,23,"0,019",,,,,,,,,,,,,,,,,588
,,75,24,"0,020",,,,,,,,,,,,,,,,,526
,,78,25,"0,022",,,,,,,,,,,,,,,,,500
,,81,26,"0,024",,,,,,,,,,,,,,,,,455
,,84,27,"0,025",,,,,,,,,,,,,,,,,417
,,87,28,"0,027",,,,,,,,,,,,,,,,,400
,,91,29,"0,029",,,,,,,,,,,,,,,,,370
,"0,50",66,21,"0,019",,,,,,,,,,,,,,,,,345
,,69,22,"0,022",,,,,,,,,,,,,,,,,526
,,72,23,"0,024",,,,,,,,,,,,,,,,,455
,,75,24,"0,026",,,,,,,,,,,,,,,,,417
,,78,25,"0,028",,,,,,,,,,,,,,,,,385
,,81,26,"0,030",,,,,,,,,,,,,,,,,357
,,84,27,"0,033",,,,,,,,,,,,,,,,,333
,,87,28,"0,035",,,,,,,,,,,,,,,,,303
,,91,29,"0,038",,,,,,,,,,,,,,,,,286
,"0,60",66,21,"0,023",,,,,,,,,,,,,,,,,263
,,69,22,"0,026",,,,,,,,,,,,,,,,,435
,,72,23,"0,029",,,,,,,,,,,,,,,,,385
,,75,24,"0,031",,,,,,,,,,,,,,,,,345
,,78,25,"0,034",,,,,,,,,,,,,,,,,323
,,81,26,"0,037",,,,,,,,,,,,,,,,,294
,,84,27,"0,039",,,,,,,,,,,,,,,,,270
,,87,28,"0,042",,,,,,,,,,,,,,,,,256
,,91,29,"0,043",,,,,,,,,,,,,,,,,238
,"0,70",66,21,"0,028",,,,,,,,,,,,,,,,,233
,,69,22,"0,031",,,,,,,,,,,,,,,,,357
,,72,23,"0,034",,,,,,,,,,,,,,,,,323
,,75,24,"0,036",,,,,,,,,,,,,,,,,294
,,78,25,"0,039",,,,,,,,,,,,,,,,,278
,,81,26,"0,042",,,,,,,,,,,,,,,,,256
,,84,27,"0,045",,,,,,,,,,,,,,,,,238
,,87,28,"0,048",,,,,,,,,,,,,,,,,222
,,91,29,"0,049",,,,,,,,,,,,,,,,,208
,"0,80",66,21,"0,031",,,,,,,,,,,,,,,,,204
,,69,22,"0,035",,,,,,,,,,,,,,,,,323
,,72,23,"0,038",,,,,,,,,,,,,,,,,286
,,75,24,"0,041",,,,,,,,,,,,,,,,,263
,,78,25,"0,045",,,,,,,,,,,,,,,,,
,,81,26,"0,048",,,,,,,,,,,,,,,,,Banyak nya batang tiap 10 m3
,,84,27,"0,052",,,,,,,,,,,,,,,,,
,,87,28,"0,055",,,,,,,,,,,,,,,,,244
,,91,29,"0,058",,,,,,,,,,,,,,,,,222
"Tabel B.2 ̶ AII (Kayu bundar sedang) (p : 0,90 - 1,30 m; d : 21 - 29 cm) ","0,90",66,21,"0,035",,,,,,,,,,,,,,,,,
,,69,22,"0,039",,,,,,,,,,,,,,,,,
,,72,23,"0,043",,,,,,,,,,,,,,,,,
,,75,24,"0,046",,,,,,,,,,,,,,,,,
,,78,25,"0,050",,,,,,,,,,,,,,,,,
,,81,26,"0,054",,,,,,,,,,,,,,,,,
,,84,27,"0,057",,,,,,,,,,,,,,,,,
,,87,28,"0,061",,,,,,,,,,,,,,,,,
,,91,29,"0,062",,,,,,,,,,,,,,,,,
,"1,00",66,21,"0,039",,,,,,,,,,,,,,,,,
,,69,22,"0,044",,,,,,,,,,,,,,,,,
,,72,23,"0,048",,,,,,,,,,,,,,,,,
,,75,24,"0,052",,,,,,,,,,,,,,,,,
,,78,25,"0,056",,,,,,,,,,,,,,,,,
,,81,26,"0,061",,,,,,,,,,,,,,,,,
,,84,27,"0,065",,,,,,,,,,,,,,,,,
,,87,28,"0,070",,,,,,,,,,,,,,,,,
,,91,29,"0,072",,,,,,,,,,,,,,,,,
,"1,10",66,21,"0,043",,,,,,,,,,,,,,,,,
,,69,22,"0,048",,,,,,,,,,,,,,,,,
,,72,23,"0,052",,,,,,,,,,,,,,,,,
,,75,24,"0,057",,,,,,,,,,,,,,,,,
,,78,25,"0,061",,,,,,,,,,,,,,,,,
,,81,26,"0,066",,,,,,,,,,,,,,,,,
,,84,27,"0,072",,,,,,,,,,,,,,,,,
,,87,28,"0,077",,,,,,,,,,,,,,,,,
,,91,29,"0,079",,,,,,,,,,,,,,,,,
,"1,20",66,21,"0,047",,,,,,,,,,,,,,,,,
,,69,22,"0,052",,,,,,,,,,,,,,,,,
,,72,23,"0,060",,,,,,,,,,,,,,,,,
,,75,24,"0,062",,,,,,,,,,,,,,,,,
,,78,25,"0,067",,,,,,,,,,,,,,,,,
,,81,26,"0,072",,,,,,,,,,,,,,,,,
,,84,27,"0,078",,,,,,,,,,,,,,,,,
,,87,28,"0,083",,,,,,,,,,,,,,,,,
,,91,29,"0,087",,,,,,,,,,,,,,,,,
,"1,30",66,21,"0,051",,,,,,,,,,,,,,,,,
,,69,22,"0,057",,,,,,,,,,,,,,,,,
,,72,23,"0,062",,,,,,,,,,,,,,,,,
,,75,24,"0,067",,,,,,,,,,,,,,,,,
,,78,25,"0,072",,,,,,,,,,,,,,,,,
,,81,26,"0,078",,,,,,,,,,,,,,,,,
,,84,27,"0,084",,,,,,,,,,,,,,,,,
,,87,28,"0,090",,,,,,,,,,,,,,,,,
,,91,29,"0,095",,,,,,,,,,,,,,,,,
"Tabel B.3 ̶ AII (Kayu bundar sedang) (p : 1.40 - 1,80 m; d : 21 – 29 cm) ","1,40",66,21,"0,055",,,,,,,,,,,,,,,,,
,,69,22,"0,061",,,,,,,,,,,,,,,,,
,,72,23,"0,067",,,,,,,,,,,,,,,,,
,,75,24,"0,072",,,,,,,,,,,,,,,,,
,,78,25,"0,078",,,,,,,,,,,,,,,,,
,,81,26,"0,084",,,,,,,,,,,,,,,,,
,,84,27,"0,090",,,,,,,,,,,,,,,,,
,,87,28,"0,096",,,,,,,,,,,,,,,,,
,,91,29,"0,098",,,,,,,,,,,,,,,,,
,"1,50",66,21,"0,058",,,,,,,,,,,,,,,,,
,,69,22,"0,065",,,,,,,,,,,,,,,,,
,,72,23,"0,071",,,,,,,,,,,,,,,,,
,,75,24,"0,077",,,,,,,,,,,,,,,,,
,,78,25,"0,083",,,,,,,,,,,,,,,,,
,,81,26,"0,090",,,,,,,,,,,,,,,,,
,,84,27,"0,096",,,,,,,,,,,,,,,,,
,,87,28,"0,103",,,,,,,,,,,,,,,,,
,,91,29,"0,107",,,,,,,,,,,,,,,,,
,"1,60",66,21,"0,062",,,,,,,,,,,,,,,,,
,,69,22,"0,069",,,,,,,,,,,,,,,,,
,,72,23,"0,076",,,,,,,,,,,,,,,,,
,,75,24,"0,082",,,,,,,,,,,,,,,,,
,,78,25,"0,089",,,,,,,,,,,,,,,,,
,,81,26,"0,096",,,,,,,,,,,,,,,,,
,,84,27,"0,103",,,,,,,,,,,,,,,,,
,,87,28,"0,110",,,,,,,,,,,,,,,,,
,,91,29,"0,115",,,,,,,,,,,,,,,,,
,"1,70",66,21,"0,067",,,,,,,,,,,,,,,,,
,,69,22,"0,074",,,,,,,,,,,,,,,,,
,,72,23,"0,081",,,,,,,,,,,,,,,,,
,,75,24,"0,087",,,,,,,,,,,,,,,,,
,,78,25,"0,094",,,,,,,,,,,,,,,,,
,,81,26,"0,102",,,,,,,,,,,,,,,,,
,,84,27,"0,109",,,,,,,,,,,,,,,,,
,,87,28,"0,117",,,,,,,,,,,,,,,,,
,,91,29,"0,124",,,,,,,,,,,,,,,,,
,"1,80",66,21,"0,070",,,,,,,,,,,,,,,,,
,,69,22,"0,078",,,,,,,,,,,,,,,,,
,,72,23,"0,085",,,,,,,,,,,,,,,,,
,,75,24,"0,093",,,,,,,,,,,,,,,,,
,,78,25,"0,100",,,,,,,,,,,,,,,,,
,,81,26,"0,108",,,,,,,,,,,,,,,,,
,,84,27,"0,115",,,,,,,,,,,,,,,,,
,,87,28,"0,123",,,,,,,,,,,,,,,,,
,,91,29,"0,127",,,,,,,,,,,,,,,,,
"Tabel B.4 ̶ AII (Kayu bundar sedang) (p : 1,90 - 2,30 m ; d : 21 – 29 cm) ","1,90",66,21,"0,075",,,,,,,,,,,,,,,,,
,,69,22,"0,083",,,,,,,,,,,,,,,,,
,,72,23,"0,090",,,,,,,,,,,,,,,,,
,,75,24,"0,098",,,,,,,,,,,,,,,,,
,,78,25,"0,105",,,,,,,,,,,,,,,,,
,,81,26,"0,113",,,,,,,,,,,,,,,,,
,,84,27,"0,122",,,,,,,,,,,,,,,,,
,,87,28,"0,130",,,,,,,,,,,,,,,,,
,,91,29,"0,135",,,,,,,,,,,,,,,,,
,"2,00",66,21,"0,079",,,,,,,,,,,,,,,,,
,,69,22,"0,087",,,,,,,,,,,,,,,,,
,,72,23,"0,095",,,,,,,,,,,,,,,,,
,,75,24,"0,103",,,,,,,,,,,,,,,,,
,,78,25,"0,111",,,,,,,,,,,,,,,,,
,,81,26,"0,120",,,,,,,,,,,,,,,,,
,,84,27,"0,128",,,,,,,,,,,,,,,,,
,,87,28,"0,137",,,,,,,,,,,,,,,,,
,,91,29,"0,144",,,,,,,,,,,,,,,,,
,"2,10",66,21,"0,084",,,,,,,,,,,,,,,,,
,,69,22,"0,093",,,,,,,,,,,,,,,,,
,,72,23,"0,101",,,,,,,,,,,,,,,,,
,,75,24,"0,110",,,,,,,,,,,,,,,,,
,,78,25,"0,118",,,,,,,,,,,,,,,,,
,,81,26,"0,127",,,,,,,,,,,,,,,,,
,,84,27,"0,137",,,,,,,,,,,,,,,,,
,,87,28,"0,146",,,,,,,,,,,,,,,,,
,,91,29,"0,153",,,,,,,,,,,,,,,,,
,"2,20",66,21,"0,089",,,,,,,,,,,,,,,,,
,,69,22,"0,099",,,,,,,,,,,,,,,,,
,,72,23,"0,108",,,,,,,,,,,,,,,,,
,,75,24,"0,116",,,,,,,,,,,,,,,,,
,,78,25,"0,125",,,,,,,,,,,,,,,,,
,,81,26,"0,135",,,,,,,,,,,,,,,,,
,,84,27,"0,145",,,,,,,,,,,,,,,,,
,,87,28,"0,155",,,,,,,,,,,,,,,,,
,,91,29,"0,163",,,,,,,,,,,,,,,,,
,"2,30",66,21,"0,093",,,,,,,,,,,,,,,,,
,,69,22,"0,104",,,,,,,,,,,,,,,,,
,,72,23,"0,114",,,,,,,,,,,,,,,,,
,,75,24,"0,123",,,,,,,,,,,,,,,,,
,,78,25,"0,133",,,,,,,,,,,,,,,,,
,,81,26,"0,143",,,,,,,,,,,,,,,,,
,,84,27,"0,153",,,,,,,,,,,,,,,,,
,,87,28,"0,163",,,,,,,,,,,,,,,,,
,,91,29,"0,167",,,,,,,,,,,,,,,,,
"Tabel B.5 ̶ AII (Kayu bundar sedang) (p : 2,40 - 2,80 m; d : 21 – 29 cm)","2,40",66,21,"0,099",,,,,,,,,,,,,,,,,
,,69,22,"0,110",,,,,,,,,,,,,,,,,
,,72,23,"0,120",,,,,,,,,,,,,,,,,
,,75,24,"0,130",,,,,,,,,,,,,,,,,
,,78,25,"0,140",,,,,,,,,,,,,,,,,
,,81,26,"0,151",,,,,,,,,,,,,,,,,
,,84,27,"0,161",,,,,,,,,,,,,,,,,
,,87,28,"0,172",,,,,,,,,,,,,,,,,
,,91,29,"0,176",,,,,,,,,,,,,,,,,
,"2,50",66,21,"0,104",,,,,,,,,,,,,,,,,
,,69,22,"0,116",,,,,,,,,,,,,,,,,
,,72,23,"0,126",,,,,,,,,,,,,,,,,
,,75,24,"0,137",,,,,,,,,,,,,,,,,
,,78,25,"0,147",,,,,,,,,,,,,,,,,
,,81,26,"0,158",,,,,,,,,,,,,,,,,
,,84,27,"0,170",,,,,,,,,,,,,,,,,
,,87,28,"0,181",,,,,,,,,,,,,,,,,
,,91,29,"0,186",,,,,,,,,,,,,,,,,
,"2,60",66,21,"0,108",,,,,,,,,,,,,,,,,
,,69,22,"0,121",,,,,,,,,,,,,,,,,
,,72,23,"0,132",,,,,,,,,,,,,,,,,
,,75,24,"0,142",,,,,,,,,,,,,,,,,
,,78,25,"0,153",,,,,,,,,,,,,,,,,
,,81,26,"0,165",,,,,,,,,,,,,,,,,
,,84,27,"0,176",,,,,,,,,,,,,,,,,
,,87,28,"0,188",,,,,,,,,,,,,,,,,
,,91,29,"0,194",,,,,,,,,,,,,,,,,
,"2,70",66,21,"0,113",,,,,,,,,,,,,,,,,
,,69,22,"0,126",,,,,,,,,,,,,,,,,
,,72,23,"0,137",,,,,,,,,,,,,,,,,
,,75,24,"0,148",,,,,,,,,,,,,,,,,
,,78,25,"0,159",,,,,,,,,,,,,,,,,
,,81,26,"0,171",,,,,,,,,,,,,,,,,
,,84,27,"0,184",,,,,,,,,,,,,,,,,
,,87,28,"0,196",,,,,,,,,,,,,,,,,
,,91,29,"0,203",,,,,,,,,,,,,,,,,
,"2,80",66,21,"0,117",,,,,,,,,,,,,,,,,
,,69,22,"0,130",,,,,,,,,,,,,,,,,
,,72,23,"0,142",,,,,,,,,,,,,,,,,
,,75,24,"0,153",,,,,,,,,,,,,,,,,
,,78,25,"0,165",,,,,,,,,,,,,,,,,
,,81,26,"0,178",,,,,,,,,,,,,,,,,
,,84,27,"0,190",,,,,,,,,,,,,,,,,
,,87,28,"0,203",,,,,,,,,,,,,,,,,
,,91,29,"0,207",,,,,,,,,,,,,,,,,
"Tabel B.6 ̶ AII (Kayu bundar sedang) (p : 2,90 - 3,30 m; d : 21 – 29 cm)","2,90",66,21,"0,121",,,,,,,,,,,,,,,,,
,,69,22,"0,135",,,,,,,,,,,,,,,,,
,,72,23,"0,147",,,,,,,,,,,,,,,,,
,,75,24,"0,159",,,,,,,,,,,,,,,,,
,,78,25,"0,171",,,,,,,,,,,,,,,,,
,,81,26,"0,184",,,,,,,,,,,,,,,,,
,,84,27,"0,198",,,,,,,,,,,,,,,,,
,,87,28,"0,211",,,,,,,,,,,,,,,,,
,,91,29,"0,216",,,,,,,,,,,,,,,,,
,"3,00",66,21,"0,126",,,,,,,,,,,,,,,,,
,,69,22,"0,140",,,,,,,,,,,,,,,,,
,,72,23,"0,152",,,,,,,,,,,,,,,,,
,,75,24,"0,165",,,,,,,,,,,,,,,,,
,,78,25,"0,177",,,,,,,,,,,,,,,,,
,,81,26,"0,191",,,,,,,,,,,,,,,,,
,,84,27,"0,204",,,,,,,,,,,,,,,,,
,,87,28,"0,218",,,,,,,,,,,,,,,,,
,,91,29,"0,224",,,,,,,,,,,,,,,,,
,"3,10",66,21,"0,131",,,,,,,,,,,,,,,,,
,,69,22,"0,145",,,,,,,,,,,,,,,,,
,,72,23,"0,158",,,,,,,,,,,,,,,,,
,,75,24,"0,170",,,,,,,,,,,,,,,,,
,,78,25,"0,183",,,,,,,,,,,,,,,,,
,,81,26,"0,197",,,,,,,,,,,,,,,,,
,,84,27,"0,211",,,,,,,,,,,,,,,,,
,,87,28,"0,225",,,,,,,,,,,,,,,,,
,,91,29,"0,233",,,,,,,,,,,,,,,,,
,"3,20",66,21,"0,135",,,,,,,,,,,,,,,,,
,,69,22,"0,150",,,,,,,,,,,,,,,,,
,,72,23,"0,163",,,,,,,,,,,,,,,,,
,,75,24,"0,177",,,,,,,,,,,,,,,,,
,,78,25,"0,190",,,,,,,,,,,,,,,,,
,,81,26,"0,204",,,,,,,,,,,,,,,,,
,,84,27,"0,219",,,,,,,,,,,,,,,,,
,,87,28,"0,233",,,,,,,,,,,,,,,,,
,,91,29,"0,242",,,,,,,,,,,,,,,,,
,"3,30",66,21,"0,140",,,,,,,,,,,,,,,,,
,,69,22,"0,155",,,,,,,,,,,,,,,,,
,,72,23,"0,169",,,,,,,,,,,,,,,,,
,,75,24,"0,182",,,,,,,,,,,,,,,,,
,,78,25,"0,196",,,,,,,,,,,,,,,,,
,,81,26,"0,211",,,,,,,,,,,,,,,,,
,,84,27,"0,226",,,,,,,,,,,,,,,,,
,,87,28,"0,241",,,,,,,,,,,,,,,,,
,,91,29,"0,251",,,,,,,,,,,,,,,,,
"Tabel B.7 ̶ AII (Kayu bundar sedang) (p : 3,40 - 3,80 m; d : 21 – 29 cm) ","3,40",66,21,"0,144",,,,,,,,,,,,,,,,,
,,69,22,"0,160",,,,,,,,,,,,,,,,,
,,72,23,"0,174",,,,,,,,,,,,,,,,,
,,75,24,"0,189",,,,,,,,,,,,,,,,,
,,78,25,"0,203",,,,,,,,,,,,,,,,,
,,81,26,"0,218",,,,,,,,,,,,,,,,,
,,84,27,"0,233",,,,,,,,,,,,,,,,,
,,87,28,"0,248",,,,,,,,,,,,,,,,,
,,91,29,"0,254",,,,,,,,,,,,,,,,,
,"3,50",66,21,"0,149",,,,,,,,,,,,,,,,,
,,69,22,"0,165",,,,,,,,,,,,,,,,,
,,72,23,"0,180",,,,,,,,,,,,,,,,,
,,75,24,"0,194",,,,,,,,,,,,,,,,,
,,78,25,"0,209",,,,,,,,,,,,,,,,,
,,81,26,"0,225",,,,,,,,,,,,,,,,,
,,84,27,"0,240",,,,,,,,,,,,,,,,,
,,87,28,"0,256",,,,,,,,,,,,,,,,,
,,91,29,"0,263",,,,,,,,,,,,,,,,,
,"3,60",66,21,"0,154",,,,,,,,,,,,,,,,,
,,69,22,"0,170",,,,,,,,,,,,,,,,,
,,72,23,"0,185",,,,,,,,,,,,,,,,,
,,75,24,"0,200",,,,,,,,,,,,,,,,,
,,78,25,"0,215",,,,,,,,,,,,,,,,,
,,81,26,"0,231",,,,,,,,,,,,,,,,,
,,84,27,"0,248",,,,,,,,,,,,,,,,,
,,87,28,"0,264",,,,,,,,,,,,,,,,,
,,91,29,"0,272",,,,,,,,,,,,,,,,,
,"3,70",66,21,"0,159",,,,,,,,,,,,,,,,,
,,69,22,"0,176",,,,,,,,,,,,,,,,,
,,72,23,"0,191",,,,,,,,,,,,,,,,,
,,75,24,"0,207",,,,,,,,,,,,,,,,,
,,78,25,"0,222",,,,,,,,,,,,,,,,,
,,81,26,"0,239",,,,,,,,,,,,,,,,,
,,84,27,"0,255",,,,,,,,,,,,,,,,,
,,87,28,"0,272",,,,,,,,,,,,,,,,,
,,91,29,"0,281",,,,,,,,,,,,,,,,,
,"3,80",66,21,"0,164",,,,,,,,,,,,,,,,,
,,69,22,"0,181",,,,,,,,,,,,,,,,,
,,72,23,"0,197",,,,,,,,,,,,,,,,,
,,75,24,"0,212",,,,,,,,,,,,,,,,,
,,78,25,"0,228",,,,,,,,,,,,,,,,,
,,81,26,"0,245",,,,,,,,,,,,,,,,,
,,84,27,"0,263",,,,,,,,,,,,,,,,,
,,87,28,"0,280",,,,,,,,,,,,,,,,,
,,91,29,"0,290",,,,,,,,,,,,,,,,,
"Tabel B.8 ̶ AII (Kayu bundar sedang) (p : 3,90 - 4,30 m; d : 21 – 29 cm)","3,90",66,21,"0,169",,,,,,,,,,,,,,,,,
,,69,22,"0,187",,,,,,,,,,,,,,,,,
,,72,23,"0,203",,,,,,,,,,,,,,,,,
,,75,24,"0,219",,,,,,,,,,,,,,,,,
,,78,25,"0,235",,,,,,,,,,,,,,,,,
,,81,26,"0,253",,,,,,,,,,,,,,,,,
,,84,27,"0,270",,,,,,,,,,,,,,,,,
,,87,28,"0,288",,,,,,,,,,,,,,,,,
,,91,29,"0,299",,,,,,,,,,,,,,,,,
,"4,00",66,21,"0,174",,,,,,,,,,,,,,,,,
,,69,22,"0,192",,,,,,,,,,,,,,,,,
,,72,23,"0,208",,,,,,,,,,,,,,,,,
,,75,24,"0,225",,,,,,,,,,,,,,,,,
,,78,25,"0,241",,,,,,,,,,,,,,,,,
,,81,26,"0,259",,,,,,,,,,,,,,,,,
,,84,27,"0,278",,,,,,,,,,,,,,,,,
,,87,28,"0,296",,,,,,,,,,,,,,,,,
,,91,29,"0,308",,,,,,,,,,,,,,,,,
,"4,10",66,21,"0,178",,,,,,,,,,,,,,,,,
,,69,22,"0,197",,,,,,,,,,,,,,,,,
,,72,23,"0,214",,,,,,,,,,,,,,,,,
,,75,24,"0,231",,,,,,,,,,,,,,,,,
,,78,25,"0,248",,,,,,,,,,,,,,,,,
,,81,26,"0,267",,,,,,,,,,,,,,,,,
,,84,27,"0,285",,,,,,,,,,,,,,,,,
,,87,28,"0,304",,,,,,,,,,,,,,,,,
,,91,29,"0,317",,,,,,,,,,,,,,,,,
,"4,20",66,21,"0,184",,,,,,,,,,,,,,,,,
,,69,22,"0,203",,,,,,,,,,,,,,,,,
,,72,23,"0,220",,,,,,,,,,,,,,,,,
,,75,24,"0,238",,,,,,,,,,,,,,,,,
,,78,25,"0,255",,,,,,,,,,,,,,,,,
,,81,26,"0,274",,,,,,,,,,,,,,,,,
,,84,27,"0,293",,,,,,,,,,,,,,,,,
,,87,28,"0,312",,,,,,,,,,,,,,,,,
,,91,29,"0,321",,,,,,,,,,,,,,,,,
,"4,30",66,21,"0,189",,,,,,,,,,,,,,,,,
,,69,22,"0,208",,,,,,,,,,,,,,,,,
,,72,23,"0,226",,,,,,,,,,,,,,,,,
,,75,24,"0,243",,,,,,,,,,,,,,,,,
,,78,25,"0,261",,,,,,,,,,,,,,,,,
,,81,26,"0,281",,,,,,,,,,,,,,,,,
,,84,27,"0,301",,,,,,,,,,,,,,,,,
,,87,28,"0,321",,,,,,,,,,,,,,,,,
,,91,29,"0,331",,,,,,,,,,,,,,,,,
"Tabel B.9 ̶ AII (Kayu bundar sedang) (p : 4,40 - 4,80 m; d : 21 – 29 cm) ","4,40",66,21,"0,194",,,,,,,,,,,,,,,,,
,,69,22,"0,214",,,,,,,,,,,,,,,,,
,,72,23,"0,232",,,,,,,,,,,,,,,,,
,,75,24,"0,250",,,,,,,,,,,,,,,,,
,,78,25,"0,268",,,,,,,,,,,,,,,,,
,,81,26,"0,288",,,,,,,,,,,,,,,,,
,,84,27,"0,309",,,,,,,,,,,,,,,,,
,,87,28,"0,329",,,,,,,,,,,,,,,,,
,,91,29,"0,340",,,,,,,,,,,,,,,,,
,"4,50",66,21,"0,199",,,,,,,,,,,,,,,,,
,,69,22,"0,219",,,,,,,,,,,,,,,,,
,,72,23,"0,238",,,,,,,,,,,,,,,,,
,,75,24,"0,256",,,,,,,,,,,,,,,,,
,,78,25,"0,275",,,,,,,,,,,,,,,,,
,,81,26,"0,296",,,,,,,,,,,,,,,,,
,,84,27,"0,316",,,,,,,,,,,,,,,,,
,,87,28,"0,337",,,,,,,,,,,,,,,,,
,,91,29,"0,349",,,,,,,,,,,,,,,,,
,"4,60",66,21,"0,204",,,,,,,,,,,,,,,,,
,,69,22,"0,225",,,,,,,,,,,,,,,,,
,,72,23,"0,244",,,,,,,,,,,,,,,,,
,,75,24,"0,263",,,,,,,,,,,,,,,,,
,,78,25,"0,282",,,,,,,,,,,,,,,,,
,,81,26,"0,303",,,,,,,,,,,,,,,,,
,,84,27,"0,324",,,,,,,,,,,,,,,,,
,,87,28,"0,345",,,,,,,,,,,,,,,,,
,,91,29,"0,358",,,,,,,,,,,,,,,,,
,"4,70",66,21,"0,210",,,,,,,,,,,,,,,,,
,,69,22,"0,231",,,,,,,,,,,,,,,,,
,,72,23,"0,250",,,,,,,,,,,,,,,,,
,,75,24,"0,270",,,,,,,,,,,,,,,,,
,,78,25,"0,289",,,,,,,,,,,,,,,,,
,,81,26,"0,311",,,,,,,,,,,,,,,,,
,,84,27,"0,332",,,,,,,,,,,,,,,,,
,,87,28,"0,354",,,,,,,,,,,,,,,,,
,,91,29,"0,367",,,,,,,,,,,,,,,,,
,"4,80",66,21,"0,214",,,,,,,,,,,,,,,,,
,,69,22,"0,236",,,,,,,,,,,,,,,,,
,,72,23,"0,256",,,,,,,,,,,,,,,,,
,,75,24,"0,276",,,,,,,,,,,,,,,,,
,,78,25,"0,296",,,,,,,,,,,,,,,,,
,,81,26,"0,318",,,,,,,,,,,,,,,,,
,,84,27,"0,340",,,,,,,,,,,,,,,,,
,,87,28,"0,362",,,,,,,,,,,,,,,,,
,,91,29,"0,376",,,,,,,,,,,,,,,,,
"Tabel B.10 ̶ AII (Kayu bundar sedang) (p : 4,90 – 5,30 m; d : 21 – 29 cm) 
","4,90",66,21,"0,220",,,,,,,,,,,,,,,,,
,,69,22,"0,242",,,,,,,,,,,,,,,,,
,,72,23,"0,262",,,,,,,,,,,,,,,,,
,,75,24,"0,269",,,,,,,,,,,,,,,,,
,,78,25,"0,303",,,,,,,,,,,,,,,,,
,,81,26,"0,326",,,,,,,,,,,,,,,,,
,,84,27,"0,348",,,,,,,,,,,,,,,,,
,,87,28,"0,371",,,,,,,,,,,,,,,,,
,,91,29,"0,386",,,,,,,,,,,,,,,,,
,"5,00",66,21,"0,225",,,,,,,,,,,,,,,,,
,,69,22,"0,248",,,,,,,,,,,,,,,,,
,,72,23,"0,269",,,,,,,,,,,,,,,,,
,,75,24,"0,289",,,,,,,,,,,,,,,,,
,,78,25,"0,310",,,,,,,,,,,,,,,,,
,,81,26,"0,333",,,,,,,,,,,,,,,,,
,,84,27,"0,356",,,,,,,,,,,,,,,,,
,,87,28,"0,379",,,,,,,,,,,,,,,,,
,,91,29,"0,395",,,,,,,,,,,,,,,,,
,"5,10",66,21,"0,235",,,,,,,,,,,,,,,,,
,,69,22,"0,260",,,,,,,,,,,,,,,,,
,,72,23,"0,279",,,,,,,,,,,,,,,,,
,,75,24,"0,298",,,,,,,,,,,,,,,,,
,,78,25,"0,317",,,,,,,,,,,,,,,,,
,,81,26,"0,341",,,,,,,,,,,,,,,,,
,,84,27,"0,364",,,,,,,,,,,,,,,,,
,,87,28,"0,388",,,,,,,,,,,,,,,,,
,,91,29,"0,404",,,,,,,,,,,,,,,,,
,"5,20",66,21,"0,239",,,,,,,,,,,,,,,,,
,,69,22,"0,264",,,,,,,,,,,,,,,,,
,,72,23,"0,284",,,,,,,,,,,,,,,,,
,,75,24,"0,305",,,,,,,,,,,,,,,,,
,,78,25,"0,325",,,,,,,,,,,,,,,,,
,,81,26,"0,349",,,,,,,,,,,,,,,,,
,,84,27,"0,373",,,,,,,,,,,,,,,,,
,,87,28,"0,397",,,,,,,,,,,,,,,,,
,,91,29,"0,414",,,,,,,,,,,,,,,,,
,"5,30",66,21,"0,241",,,,,,,,,,,,,,,,,
,,69,22,"0,265",,,,,,,,,,,,,,,,,
,,72,23,"0,287",,,,,,,,,,,,,,,,,
,,75,24,"0,310",,,,,,,,,,,,,,,,,
,,78,25,"0,332",,,,,,,,,,,,,,,,,
,,81,26,"0,356",,,,,,,,,,,,,,,,,
,,84,27,"0,381",,,,,,,,,,,,,,,,,
,,87,28,"0,405",,,,,,,,,,,,,,,,,
,,91,29,"0,423",,,,,,,,,,,,,,,,,
"Tabel B.11 ̶ AII (Kayu bundar sedang) (p : 5,40 – 5,80 m; d : 21 – 29 cm) ","5,40",66,21,"0,247",,,,,,,,,,,,,,,,,
,,69,22,"0,271",,,,,,,,,,,,,,,,,
,,72,23,"0,294",,,,,,,,,,,,,,,,,
,,75,24,"0,317",,,,,,,,,,,,,,,,,
,,78,25,"0,340",,,,,,,,,,,,,,,,,
,,81,26,"0,365",,,,,,,,,,,,,,,,,
,,84,27,"0,389",,,,,,,,,,,,,,,,,
,,87,28,"0,414",,,,,,,,,,,,,,,,,
,,91,29,"0,432",,,,,,,,,,,,,,,,,
,"5,50",66,21,"0,252",,,,,,,,,,,,,,,,,
,,69,22,"0,277",,,,,,,,,,,,,,,,,
,,72,23,"0,300",,,,,,,,,,,,,,,,,
,,75,24,"0,324",,,,,,,,,,,,,,,,,
,,78,25,"0,347",,,,,,,,,,,,,,,,,
,,81,26,"0,372",,,,,,,,,,,,,,,,,
,,84,27,"0,398",,,,,,,,,,,,,,,,,
,,87,28,"0,423",,,,,,,,,,,,,,,,,
,,91,29,"0,442",,,,,,,,,,,,,,,,,
,"5,60",66,21,"0,258",,,,,,,,,,,,,,,,,
,,69,22,"0,283",,,,,,,,,,,,,,,,,
,,72,23,"0,307",,,,,,,,,,,,,,,,,
,,75,24,"0,330",,,,,,,,,,,,,,,,,
,,78,25,"0,354",,,,,,,,,,,,,,,,,
,,81,26,"0,380",,,,,,,,,,,,,,,,,
,,84,27,"0,406",,,,,,,,,,,,,,,,,
,,87,28,"0,432",,,,,,,,,,,,,,,,,
,,91,29,"0,451",,,,,,,,,,,,,,,,,
,"5,70",66,21,"0,263",,,,,,,,,,,,,,,,,
,,69,22,"0,289",,,,,,,,,,,,,,,,,
,,72,23,"0,313",,,,,,,,,,,,,,,,,
,,75,24,"0,338",,,,,,,,,,,,,,,,,
,,78,25,"0,362",,,,,,,,,,,,,,,,,
,,81,26,"0,388",,,,,,,,,,,,,,,,,
,,84,27,"0,415",,,,,,,,,,,,,,,,,
,,87,28,"0,441",,,,,,,,,,,,,,,,,
,,91,29,"0,461",,,,,,,,,,,,,,,,,
,"5,80",66,21,"0,269",,,,,,,,,,,,,,,,,
,,69,22,"0,296",,,,,,,,,,,,,,,,,
,,72,23,"0,320",,,,,,,,,,,,,,,,,
,,75,24,"0,345",,,,,,,,,,,,,,,,,
,,78,25,"0,369",,,,,,,,,,,,,,,,,
,,81,26,"0,396",,,,,,,,,,,,,,,,,
,,84,27,"0,423",,,,,,,,,,,,,,,,,
,,87,28,"0,450",,,,,,,,,,,,,,,,,
,,91,29,"0,470",,,,,,,,,,,,,,,,,
"Tabel B.12 ̶ AII (Kayu bundar sedang) (p : 5,90– 6,30 m; d : 21 – 29 cm) ","5,90",66,21,"0,275",,,,,,,,,,,,,,,,,
,,69,22,"0,302",,,,,,,,,,,,,,,,,
,,72,23,"0,327",,,,,,,,,,,,,,,,,
,,75,24,"0,352",,,,,,,,,,,,,,,,,
,,78,25,"0,377",,,,,,,,,,,,,,,,,
,,81,26,"0,404",,,,,,,,,,,,,,,,,
,,84,27,"0,432",,,,,,,,,,,,,,,,,
,,87,28,"0,459",,,,,,,,,,,,,,,,,
,,91,29,"0,480",,,,,,,,,,,,,,,,,
,"6,00",66,21,"0,281",,,,,,,,,,,,,,,,,
,,69,22,"0,308",,,,,,,,,,,,,,,,,
,,72,23,"0,333",,,,,,,,,,,,,,,,,
,,75,24,"0,359",,,,,,,,,,,,,,,,,
,,78,25,"0,384",,,,,,,,,,,,,,,,,
,,81,26,"0,412",,,,,,,,,,,,,,,,,
,,84,27,"0,440",,,,,,,,,,,,,,,,,
,,87,28,"0,468",,,,,,,,,,,,,,,,,
,,91,29,"0,489",,,,,,,,,,,,,,,,,
,"6,10",66,21,"0,286",,,,,,,,,,,,,,,,,
,,69,22,"0,314",,,,,,,,,,,,,,,,,
,,72,23,"0,340",,,,,,,,,,,,,,,,,
,,75,24,"0,366",,,,,,,,,,,,,,,,,
,,78,25,"0,392",,,,,,,,,,,,,,,,,
,,81,26,"0,420",,,,,,,,,,,,,,,,,
,,84,27,"0,449",,,,,,,,,,,,,,,,,
,,87,28,"0,477",,,,,,,,,,,,,,,,,
,,91,29,"0,499",,,,,,,,,,,,,,,,,
,"6,20",66,21,"0,293",,,,,,,,,,,,,,,,,
,,69,22,"0,321",,,,,,,,,,,,,,,,,
,,72,23,"0,347",,,,,,,,,,,,,,,,,
,,75,24,"0,374",,,,,,,,,,,,,,,,,
,,78,25,"0,400",,,,,,,,,,,,,,,,,
,,81,26,"0,429",,,,,,,,,,,,,,,,,
,,84,27,"0,458",,,,,,,,,,,,,,,,,
,,87,28,"0,487",,,,,,,,,,,,,,,,,
,,91,29,"0,509",,,,,,,,,,,,,,,,,
,"6,30",66,21,"0,298",,,,,,,,,,,,,,,,,
,,69,22,"0,327",,,,,,,,,,,,,,,,,
,,72,23,"0,354",,,,,,,,,,,,,,,,,
,,75,24,"0,380",,,,,,,,,,,,,,,,,
,,78,25,"0,407",,,,,,,,,,,,,,,,,
,,81,26,"0,437",,,,,,,,,,,,,,,,,
,,84,27,"0,466",,,,,,,,,,,,,,,,,
,,87,28,"0,496",,,,,,,,,,,,,,,,,
,,91,29,"0,518",,,,,,,,,,,,,,,,,
"Tabel B.13 ̶ AII (Kayu bundar sedang) (p : 6,40 – 6,80 m; d : 21 – 29 cm) ","6,40",66,21,"0,305",,,,,,,,,,,,,,,,,
,,69,22,"0,334",,,,,,,,,,,,,,,,,
,,72,23,"0,361",,,,,,,,,,,,,,,,,
,,75,24,"0,388",,,,,,,,,,,,,,,,,
,,78,25,"0,415",,,,,,,,,,,,,,,,,
,,81,26,"0,445",,,,,,,,,,,,,,,,,
,,84,27,"0,476",,,,,,,,,,,,,,,,,
,,87,28,"0,506",,,,,,,,,,,,,,,,,
,,91,29,"0,528",,,,,,,,,,,,,,,,,
,,66,21,"0,310",,,,,,,,,,,,,,,,,
,,69,22,"0,340",,,,,,,,,,,,,,,,,
,,72,23,"0,368",,,,,,,,,,,,,,,,,
,"6,50",75,24,"0,395",,,,,,,,,,,,,,,,,
,,78,25,"0,423",,,,,,,,,,,,,,,,,
,,81,26,"0,454",,,,,,,,,,,,,,,,,
,,84,27,"0,484",,,,,,,,,,,,,,,,,
,,87,28,"0,515",,,,,,,,,,,,,,,,,
,,91,29,"0,538",,,,,,,,,,,,,,,,,
,,66,21,"0,317",,,,,,,,,,,,,,,,,
,,69,22,"0,347",,,,,,,,,,,,,,,,,
,,72,23,"0,375",,,,,,,,,,,,,,,,,
,"6,60",75,24,"0,403",,,,,,,,,,,,,,,,,
,,78,25,"0,431",,,,,,,,,,,,,,,,,
,,81,26,"0,462",,,,,,,,,,,,,,,,,
,,84,27,"0,494",,,,,,,,,,,,,,,,,
,,87,28,"0,525",,,,,,,,,,,,,,,,,
,,91,29,"0,548",,,,,,,,,,,,,,,,,
,,66,21,"0,322",,,,,,,,,,,,,,,,,
,,69,22,"0,353",,,,,,,,,,,,,,,,,
,,72,23,"0,382",,,,,,,,,,,,,,,,,
,"6,70",75,24,"0,410",,,,,,,,,,,,,,,,,
,,78,25,"0,439",,,,,,,,,,,,,,,,,
,,81,26,"0,471",,,,,,,,,,,,,,,,,
,,84,27,"0,502",,,,,,,,,,,,,,,,,
,,87,28,"0,534",,,,,,,,,,,,,,,,,
,,91,29,"0,557",,,,,,,,,,,,,,,,,
,,66,21,"0,329",,,,,,,,,,,,,,,,,
,,69,22,"0,360",,,,,,,,,,,,,,,,,
,,72,23,"0,389",,,,,,,,,,,,,,,,,
,"6,80",75,24,"0,419",,,,,,,,,,,,,,,,,
,,78,25,"0,448",,,,,,,,,,,,,,,,,
,,81,26,"0,480",,,,,,,,,,,,,,,,,
,,84,27,"0,512",,,,,,,,,,,,,,,,,
,,87,28,"0,544",,,,,,,,,,,,,,,,,
,,91,29,"0,567",,,,,,,,,,,,,,,,,
"Tabel B.14 ̶ AII (Kayu bundar sedang) (p : 6,90 – 7,30 m; d : 21 – 29 cm)","6,90",66,21,"0,335",,,,,,,,,,,,,,,,,
,,69,22,"0,366",,,,,,,,,,,,,,,,,
,,72,23,"0,396",,,,,,,,,,,,,,,,,
,,75,24,"0,426",,,,,,,,,,,,,,,,,
,,78,25,"0,456",,,,,,,,,,,,,,,,,
,,81,26,"0,488",,,,,,,,,,,,,,,,,
,,84,27,"0,521",,,,,,,,,,,,,,,,,
,,87,28,"0,553",,,,,,,,,,,,,,,,,
,,91,29,"0,577",,,,,,,,,,,,,,,,,
,"7,00",66,21,"0,341",,,,,,,,,,,,,,,,,
,,69,22,"0,373",,,,,,,,,,,,,,,,,
,,72,23,"0,403",,,,,,,,,,,,,,,,,
,,75,24,"0,434",,,,,,,,,,,,,,,,,
,,78,25,"0,464",,,,,,,,,,,,,,,,,
,,81,26,"0,497",,,,,,,,,,,,,,,,,
,,84,27,"0,530",,,,,,,,,,,,,,,,,
,,87,28,"0,563",,,,,,,,,,,,,,,,,
,,91,29,"0,587",,,,,,,,,,,,,,,,,
,"7,10",66,21,"0,347",,,,,,,,,,,,,,,,,
,,69,22,"0,380",,,,,,,,,,,,,,,,,
,,72,23,"0,411",,,,,,,,,,,,,,,,,
,,75,24,"0,441",,,,,,,,,,,,,,,,,
,,78,25,"0,472",,,,,,,,,,,,,,,,,
,,81,26,"0,506",,,,,,,,,,,,,,,,,
,,84,27,"0,539",,,,,,,,,,,,,,,,,
,,87,28,"0,573",,,,,,,,,,,,,,,,,
,,91,29,"0,597",,,,,,,,,,,,,,,,,
,"7,20",66,21,"0,354",,,,,,,,,,,,,,,,,
,,69,22,"0,387",,,,,,,,,,,,,,,,,
,,72,23,"0,418",,,,,,,,,,,,,,,,,
,,75,24,"0,450",,,,,,,,,,,,,,,,,
,,78,25,"0,481",,,,,,,,,,,,,,,,,
,,81,26,"0,515",,,,,,,,,,,,,,,,,
,,84,27,"0,549",,,,,,,,,,,,,,,,,
,,87,28,"0,583",,,,,,,,,,,,,,,,,
,,91,29,"0,607",,,,,,,,,,,,,,,,,
,"7,30",66,21,"0,360",,,,,,,,,,,,,,,,,
,,69,22,"0,393",,,,,,,,,,,,,,,,,
,,72,23,"0,425",,,,,,,,,,,,,,,,,
,,75,24,"0,457",,,,,,,,,,,,,,,,,
,,78,25,"0,489",,,,,,,,,,,,,,,,,
,,81,26,"0,524",,,,,,,,,,,,,,,,,
,,84,27,"0,558",,,,,,,,,,,,,,,,,
,,87,28,"0,593",,,,,,,,,,,,,,,,,
,,91,29,"0,622",,,,,,,,,,,,,,,,,
"Tabel B.15 ̶ AII (Kayu bundar sedang) (p : 7,40 – 7,80 m; d : 21 – 29 cm) ","7,40",66,21,"0,366",,,,,,,,,,,,,,,,,
,,69,22,"0,400",,,,,,,,,,,,,,,,,
,,72,23,"0,433",,,,,,,,,,,,,,,,,
,,75,24,"0,465",,,,,,,,,,,,,,,,,
,,78,25,"0,498",,,,,,,,,,,,,,,,,
,,81,26,"0,533",,,,,,,,,,,,,,,,,
,,84,27,"0,568",,,,,,,,,,,,,,,,,
,,87,28,"0,603",,,,,,,,,,,,,,,,,
,,91,29,"0,632",,,,,,,,,,,,,,,,,
,"7,50",66,21,"0,373",,,,,,,,,,,,,,,,,
,,69,22,"0,407",,,,,,,,,,,,,,,,,
,,72,23,"0,440",,,,,,,,,,,,,,,,,
,,75,24,"0,473",,,,,,,,,,,,,,,,,
,,78,25,"0,506",,,,,,,,,,,,,,,,,
,,81,26,"0,542",,,,,,,,,,,,,,,,,
,,84,27,"0,577",,,,,,,,,,,,,,,,,
,,87,28,"0,613",,,,,,,,,,,,,,,,,
,,91,29,"0,642",,,,,,,,,,,,,,,,,
,"7,60",66,21,"0,379",,,,,,,,,,,,,,,,,
,,69,22,"0,414",,,,,,,,,,,,,,,,,
,,72,23,"0,448",,,,,,,,,,,,,,,,,
,,75,24,"0,481",,,,,,,,,,,,,,,,,
,,78,25,"0,515",,,,,,,,,,,,,,,,,
,,81,26,"0,551",,,,,,,,,,,,,,,,,
,,84,27,"0,587",,,,,,,,,,,,,,,,,
,,87,28,"0,623",,,,,,,,,,,,,,,,,
,,91,29,"0,652",,,,,,,,,,,,,,,,,
,"7,70",66,21,"0,386",,,,,,,,,,,,,,,,,
,,69,22,"0,421",,,,,,,,,,,,,,,,,
,,72,23,"0,455",,,,,,,,,,,,,,,,,
,,75,24,"0,489",,,,,,,,,,,,,,,,,
,,78,25,"0,523",,,,,,,,,,,,,,,,,
,,81,26,"0,560",,,,,,,,,,,,,,,,,
,,84,27,"0,597",,,,,,,,,,,,,,,,,
,,87,28,"0,634",,,,,,,,,,,,,,,,,
,,91,29,"0,662",,,,,,,,,,,,,,,,,
,"7,80",66,21,"0,392",,,,,,,,,,,,,,,,,
,,69,22,"0,428",,,,,,,,,,,,,,,,,
,,72,23,"0,463",,,,,,,,,,,,,,,,,
,,75,24,"0,497",,,,,,,,,,,,,,,,,
,,78,25,"0,532",,,,,,,,,,,,,,,,,
,,81,26,"0,569",,,,,,,,,,,,,,,,,
,,84,27,"0,607",,,,,,,,,,,,,,,,,
,,87,28,"0,644",,,,,,,,,,,,,,,,,
,,91,29,"0,672",,,,,,,,,,,,,,,,,
"Tabel B.16 ̶ AII (Kayu bundar sedang) (p : 7,90 – 8,30 m; d : 21 – 29 cm)","7,90",66,21,"0,399",,,,,,,,,,,,,,,,,
,,69,22,"0,435",,,,,,,,,,,,,,,,,
,,72,23,"0,470",,,,,,,,,,,,,,,,,
,,75,24,"0,505",,,,,,,,,,,,,,,,,
,,78,25,"0,540",,,,,,,,,,,,,,,,,
,,81,26,"0,578",,,,,,,,,,,,,,,,,
,,84,27,"0,617",,,,,,,,,,,,,,,,,
,,87,28,"0,655",,,,,,,,,,,,,,,,,
,,91,29,"0,683",,,,,,,,,,,,,,,,,
,"8,00",66,21,"0,405",,,,,,,,,,,,,,,,,
,,69,22,"0,442",,,,,,,,,,,,,,,,,
,,72,23,"0,478",,,,,,,,,,,,,,,,,
,,75,24,"0,513",,,,,,,,,,,,,,,,,
,,78,25,"0,549",,,,,,,,,,,,,,,,,
,,81,26,"0,588",,,,,,,,,,,,,,,,,
,,84,27,"0,626",,,,,,,,,,,,,,,,,
,,87,28,"0,665",,,,,,,,,,,,,,,,,
,,91,29,"0,693",,,,,,,,,,,,,,,,,
,"8,10",66,21,"0,412",,,,,,,,,,,,,,,,,
,,69,22,"0,450",,,,,,,,,,,,,,,,,
,,72,23,"0,486",,,,,,,,,,,,,,,,,
,,75,24,"0,522",,,,,,,,,,,,,,,,,
,,78,25,"0,558",,,,,,,,,,,,,,,,,
,,81,26,"0,597",,,,,,,,,,,,,,,,,
,,84,27,"0,637",,,,,,,,,,,,,,,,,
,,87,28,"0,676",,,,,,,,,,,,,,,,,
,,91,29,"0,708",,,,,,,,,,,,,,,,,
,"8,20",66,21,"0,419",,,,,,,,,,,,,,,,,
,,69,22,"0,457",,,,,,,,,,,,,,,,,
,,72,23,"0,494",,,,,,,,,,,,,,,,,
,,75,24,"0,530",,,,,,,,,,,,,,,,,
,,78,25,"0,567",,,,,,,,,,,,,,,,,
,,81,26,"0,607",,,,,,,,,,,,,,,,,
,,84,27,"0,646",,,,,,,,,,,,,,,,,
,,87,28,"0,686",,,,,,,,,,,,,,,,,
,,91,29,"0,718",,,,,,,,,,,,,,,,,
,"8,30",66,21,"0,426",,,,,,,,,,,,,,,,,
,,69,22,"0,465",,,,,,,,,,,,,,,,,
,,72,23,"0,502",,,,,,,,,,,,,,,,,
,,75,24,"0,539",,,,,,,,,,,,,,,,,
,,78,25,"0,576",,,,,,,,,,,,,,,,,
,,81,26,"0,616",,,,,,,,,,,,,,,,,
,,84,27,"0,657",,,,,,,,,,,,,,,,,
,,87,28,"0,697",,,,,,,,,,,,,,,,,
,,91,29,"0,729",,,,,,,,,,,,,,,,,
"Tabel B.17 ̶ AII (Kayu bundar sedang) (8,40 - 8,80 m; d : 21 – 29 cm) ","8,40",66,21,"0,433",,,,,,,,,,,,,,,,,
,,69,22,"0,472",,,,,,,,,,,,,,,,,
,,72,23,"0,510",,,,,,,,,,,,,,,,,
,,75,24,"0,547",,,,,,,,,,,,,,,,,
,,78,25,"0,585",,,,,,,,,,,,,,,,,
,,81,26,"0,626",,,,,,,,,,,,,,,,,
,,84,27,"0,666",,,,,,,,,,,,,,,,,
,,87,28,"0,707",,,,,,,,,,,,,,,,,
,,91,29,"0,739",,,,,,,,,,,,,,,,,
,"8,50",66,21,"0,440",,,,,,,,,,,,,,,,,
,,69,22,"0,480",,,,,,,,,,,,,,,,,
,,72,23,"0,518",,,,,,,,,,,,,,,,,
,,75,24,"0,556",,,,,,,,,,,,,,,,,
,,78,25,"0,594",,,,,,,,,,,,,,,,,
,,81,26,"0,635",,,,,,,,,,,,,,,,,
,,84,27,"0,677",,,,,,,,,,,,,,,,,
,,87,28,"0,718",,,,,,,,,,,,,,,,,
,,91,29,"0,749",,,,,,,,,,,,,,,,,
,"8,60",66,21,"0,452",,,,,,,,,,,,,,,,,
,,69,22,"0,494",,,,,,,,,,,,,,,,,
,,72,23,"0,530",,,,,,,,,,,,,,,,,
,,75,24,"0,567",,,,,,,,,,,,,,,,,
,,78,25,"0,603",,,,,,,,,,,,,,,,,
,,81,26,"0,645",,,,,,,,,,,,,,,,,
,,84,27,"0,687",,,,,,,,,,,,,,,,,
,,87,28,"0,729",,,,,,,,,,,,,,,,,
,,91,29,"0,760",,,,,,,,,,,,,,,,,
,"8,70",66,21,"0,458",,,,,,,,,,,,,,,,,
,,69,22,"0,500",,,,,,,,,,,,,,,,,
,,72,23,"0,537",,,,,,,,,,,,,,,,,
,,75,24,"0,575",,,,,,,,,,,,,,,,,
,,78,25,"0,612",,,,,,,,,,,,,,,,,
,,81,26,"0,655",,,,,,,,,,,,,,,,,
,,84,27,"0,697",,,,,,,,,,,,,,,,,
,,87,28,"0,740",,,,,,,,,,,,,,,,,
,,91,29,"0,775",,,,,,,,,,,,,,,,,
,"8,80",66,21,"0,464",,,,,,,,,,,,,,,,,
,,69,22,"0,506",,,,,,,,,,,,,,,,,
,,72,23,"0,544",,,,,,,,,,,,,,,,,
,,75,24,"0,583",,,,,,,,,,,,,,,,,
,,78,25,"0,621",,,,,,,,,,,,,,,,,
,,81,26,"0,664",,,,,,,,,,,,,,,,,
,,84,27,"0,708",,,,,,,,,,,,,,,,,
,,87,28,"0,751",,,,,,,,,,,,,,,,,
,,91,29,"0,786",,,,,,,,,,,,,,,,,
"Tabel B.18 ̶ AII (Kayu bundar sedang) (8,90 – 9,30 m; d : 21 – 29 cm) ","8,90",66,21,"0,470",,,,,,,,,,,,,,,,,
,,69,22,"0,512",,,,,,,,,,,,,,,,,
,,72,23,"0,551",,,,,,,,,,,,,,,,,
,,75,24,"0,591",,,,,,,,,,,,,,,,,
,,78,25,"0,630",,,,,,,,,,,,,,,,,
,,81,26,"0,674",,,,,,,,,,,,,,,,,
,,84,27,"0,718",,,,,,,,,,,,,,,,,
,,87,28,"0,762",,,,,,,,,,,,,,,,,
,,91,29,"0,796",,,,,,,,,,,,,,,,,
,"9,00",66,21,"0,476",,,,,,,,,,,,,,,,,
,,69,22,"0,518",,,,,,,,,,,,,,,,,
,,72,23,"0,558",,,,,,,,,,,,,,,,,
,,75,24,"0,599",,,,,,,,,,,,,,,,,
,,78,25,"0,639",,,,,,,,,,,,,,,,,
,,81,26,"0,684",,,,,,,,,,,,,,,,,
,,84,27,"0,728",,,,,,,,,,,,,,,,,
,,87,28,"0,773",,,,,,,,,,,,,,,,,
,,91,29,"0,807",,,,,,,,,,,,,,,,,
,"9,10",66,21,"0,483",,,,,,,,,,,,,,,,,
,,69,22,"0,526",,,,,,,,,,,,,,,,,
,,72,23,"0,567",,,,,,,,,,,,,,,,,
,,75,24,"0,608",,,,,,,,,,,,,,,,,
,,78,25,"0,649",,,,,,,,,,,,,,,,,
,,81,26,"0,694",,,,,,,,,,,,,,,,,
,,84,27,"0,739",,,,,,,,,,,,,,,,,
,,87,28,"0,784",,,,,,,,,,,,,,,,,
,,91,29,"0,817",,,,,,,,,,,,,,,,,
,"9,20",66,21,"0,490",,,,,,,,,,,,,,,,,
,,69,22,"0,534",,,,,,,,,,,,,,,,,
,,72,23,"0,575",,,,,,,,,,,,,,,,,
,,75,24,"0,617",,,,,,,,,,,,,,,,,
,,78,25,"0,658",,,,,,,,,,,,,,,,,
,,81,26,"0,704",,,,,,,,,,,,,,,,,
,,84,27,"0,750",,,,,,,,,,,,,,,,,
,,87,28,"0,796",,,,,,,,,,,,,,,,,
,,91,29,"0,833",,,,,,,,,,,,,,,,,
,"9,30",66,21,"0,497",,,,,,,,,,,,,,,,,
,,69,22,"0,541",,,,,,,,,,,,,,,,,
,,72,23,"0,583",,,,,,,,,,,,,,,,,
,,75,24,"0,626",,,,,,,,,,,,,,,,,
,,78,25,"0,668",,,,,,,,,,,,,,,,,
,,81,26,"0,714",,,,,,,,,,,,,,,,,
,,84,27,"0,761",,,,,,,,,,,,,,,,,
,,87,28,"0,807",,,,,,,,,,,,,,,,,
,,91,29,"0,844",,,,,,,,,,,,,,,,,
"Tabel B.19 ̶ AII (Kayu bundar sedang) (9,40 – 9,80 m; d : 21 – 29 cm) 
","9,40",66,21,"0,505",,,,,,,,,,,,,,,,,
,,69,22,"0,549",,,,,,,,,,,,,,,,,
,,72,23,"0,592",,,,,,,,,,,,,,,,,
,,75,24,"0,634",,,,,,,,,,,,,,,,,
,,78,25,"0,677",,,,,,,,,,,,,,,,,
,,81,26,"0,724",,,,,,,,,,,,,,,,,
,,84,27,"0,772",,,,,,,,,,,,,,,,,
,,87,28,"0,819",,,,,,,,,,,,,,,,,
,,91,29,"0,855",,,,,,,,,,,,,,,,,
,"9,50",66,21,"0,512",,,,,,,,,,,,,,,,,
,,69,22,"0,557",,,,,,,,,,,,,,,,,
,,72,23,"0,600",,,,,,,,,,,,,,,,,
,,75,24,"0,644",,,,,,,,,,,,,,,,,
,,78,25,"0,687",,,,,,,,,,,,,,,,,
,,81,26,"0,735",,,,,,,,,,,,,,,,,
,,84,27,"0,782",,,,,,,,,,,,,,,,,
,,87,28,"0,830",,,,,,,,,,,,,,,,,
,,91,29,"0,865",,,,,,,,,,,,,,,,,
,"9,60",66,21,"0,520",,,,,,,,,,,,,,,,,
,,69,22,"0,565",,,,,,,,,,,,,,,,,
,,72,23,"0,609",,,,,,,,,,,,,,,,,
,,75,24,"0,653",,,,,,,,,,,,,,,,,
,,78,25,"0,697",,,,,,,,,,,,,,,,,
,,81,26,"0,745",,,,,,,,,,,,,,,,,
,,84,27,"0,794",,,,,,,,,,,,,,,,,
,,87,28,"0,842",,,,,,,,,,,,,,,,,
,,91,29,"0,881",,,,,,,,,,,,,,,,,
,"9,70",66,21,"0,527",,,,,,,,,,,,,,,,,
,,69,22,"0,573",,,,,,,,,,,,,,,,,
,,72,23,"0,618",,,,,,,,,,,,,,,,,
,,75,24,"0,662",,,,,,,,,,,,,,,,,
,,78,25,"0,707",,,,,,,,,,,,,,,,,
,,81,26,"0,756",,,,,,,,,,,,,,,,,
,,84,27,"0,804",,,,,,,,,,,,,,,,,
,,87,28,"0,853",,,,,,,,,,,,,,,,,
,,91,29,"0,892",,,,,,,,,,,,,,,,,
,"9,80",66,21,"0,535",,,,,,,,,,,,,,,,,
,,69,22,"0,582",,,,,,,,,,,,,,,,,
,,72,23,"0,627",,,,,,,,,,,,,,,,,
,,75,24,"0,672",,,,,,,,,,,,,,,,,
,,78,25,"0,717",,,,,,,,,,,,,,,,,
,,81,26,"0,766",,,,,,,,,,,,,,,,,
,,84,27,"0,816",,,,,,,,,,,,,,,,,
,,87,28,"0,865",,,,,,,,,,,,,,,,,
,,91,29,"0,903",,,,,,,,,,,,,,,,,
"Tabel B.20 ̶ AII (Kayu bundar sedang) (9,90 – 10,30 m; d : 21 – 29 cm)","9,90",66,21,"0,543",,,,,,,,,,,,,,,,,
,,69,22,"0,590",,,,,,,,,,,,,,,,,
,,72,23,"0,636",,,,,,,,,,,,,,,,,
,,75,24,"0,681",,,,,,,,,,,,,,,,,
,,78,25,"0,727",,,,,,,,,,,,,,,,,
,,81,26,"0,777",,,,,,,,,,,,,,,,,
,,84,27,"0,826",,,,,,,,,,,,,,,,,
,,87,28,"0,876",,,,,,,,,,,,,,,,,
,,91,29,"0,913",,,,,,,,,,,,,,,,,
,"10,00",66,21,"0,550",,,,,,,,,,,,,,,,,
,,69,22,"0,598",,,,,,,,,,,,,,,,,
,,72,23,"0,644",,,,,,,,,,,,,,,,,
,,75,24,"0,691",,,,,,,,,,,,,,,,,
,,78,25,"0,737",,,,,,,,,,,,,,,,,
,,81,26,"0,787",,,,,,,,,,,,,,,,,
,,84,27,"0,838",,,,,,,,,,,,,,,,,
,,87,28,"0,888",,,,,,,,,,,,,,,,,
,,91,29,"0,939",,,,,,,,,,,,,,,,,
,"10,10",66,21,"0,559",,,,,,,,,,,,,,,,,
,,69,22,"0,607",,,,,,,,,,,,,,,,,
,,72,23,"0,654",,,,,,,,,,,,,,,,,
,,75,24,"0,700",,,,,,,,,,,,,,,,,
,,78,25,"0,747",,,,,,,,,,,,,,,,,
,,81,26,"0,799",,,,,,,,,,,,,,,,,
,,84,27,"0,851",,,,,,,,,,,,,,,,,
,,87,28,"0,903",,,,,,,,,,,,,,,,,
,,91,29,"0,954",,,,,,,,,,,,,,,,,
,"10,20",66,21,"0,566",,,,,,,,,,,,,,,,,
,,69,22,"0,615",,,,,,,,,,,,,,,,,
,,72,23,"0,662",,,,,,,,,,,,,,,,,
,,75,24,"0,710",,,,,,,,,,,,,,,,,
,,78,25,"0,757",,,,,,,,,,,,,,,,,
,,81,26,"0,809",,,,,,,,,,,,,,,,,
,,84,27,"0,860",,,,,,,,,,,,,,,,,
,,87,28,"0,912",,,,,,,,,,,,,,,,,
,,91,29,"0,965",,,,,,,,,,,,,,,,,
,"10,30",66,21,"0,574",,,,,,,,,,,,,,,,,
,,69,22,"0,624",,,,,,,,,,,,,,,,,
,,72,23,"0,672",,,,,,,,,,,,,,,,,
,,75,24,"0,720",,,,,,,,,,,,,,,,,
,,78,25,"0,768",,,,,,,,,,,,,,,,,
,,81,26,"0,820",,,,,,,,,,,,,,,,,
,,84,27,"0,872",,,,,,,,,,,,,,,,,
,,87,28,"0,924",,,,,,,,,,,,,,,,,
,,91,29,"0,978",,,,,,,,,,,,,,,,,
"Tabel B.21 ̶ AII (Kayu bundar sedang) (10,40 – 10,80 m; d : 21 – 29 cm) ","10,40",66,21,"0,582",,,,,,,,,,,,,,,,,
,,69,22,"0,632",,,,,,,,,,,,,,,,,
,,72,23,"0,681",,,,,,,,,,,,,,,,,
,,75,24,"0,729",,,,,,,,,,,,,,,,,
,,78,25,"0,778",,,,,,,,,,,,,,,,,
,,81,26,"0,831",,,,,,,,,,,,,,,,,
,,84,27,"0,883",,,,,,,,,,,,,,,,,
,,87,28,"0,936",,,,,,,,,,,,,,,,,
,,91,29,"0,991",,,,,,,,,,,,,,,,,
,"10,50",66,21,"0,590",,,,,,,,,,,,,,,,,
,,69,22,"0,641",,,,,,,,,,,,,,,,,
,,72,23,"0,690",,,,,,,,,,,,,,,,,
,,75,24,"0,739",,,,,,,,,,,,,,,,,
,,78,25,"0,788",,,,,,,,,,,,,,,,,
,,81,26,"0,841",,,,,,,,,,,,,,,,,
,,84,27,"0,895",,,,,,,,,,,,,,,,,
,,87,28,"0,948",,,,,,,,,,,,,,,,,
,,91,29,"1,004",,,,,,,,,,,,,,,,,
,"10,60",66,21,"0,601",,,,,,,,,,,,,,,,,
,,69,22,"0,654",,,,,,,,,,,,,,,,,
,,72,23,"0,704",,,,,,,,,,,,,,,,,
,,75,24,"0,754",,,,,,,,,,,,,,,,,
,,78,25,"0,804",,,,,,,,,,,,,,,,,
,,81,26,"0,858",,,,,,,,,,,,,,,,,
,,84,27,"0,912",,,,,,,,,,,,,,,,,
,,87,28,"0,967",,,,,,,,,,,,,,,,,
,,91,29,"1,021",,,,,,,,,,,,,,,,,
,"10,70",66,21,"0,613",,,,,,,,,,,,,,,,,
,,69,22,"0,667",,,,,,,,,,,,,,,,,
,,72,23,"0,718",,,,,,,,,,,,,,,,,
,,75,24,"0,769",,,,,,,,,,,,,,,,,
,,78,25,"0,820",,,,,,,,,,,,,,,,,
,,81,26,"0,875",,,,,,,,,,,,,,,,,
,,84,27,"0,930",,,,,,,,,,,,,,,,,
,,87,28,"0,985",,,,,,,,,,,,,,,,,
,,91,29,"1,037",,,,,,,,,,,,,,,,,
,"10,80",66,21,"0,624",,,,,,,,,,,,,,,,,
,,69,22,"0,681",,,,,,,,,,,,,,,,,
,,72,23,"0,732",,,,,,,,,,,,,,,,,
,,75,24,"0,784",,,,,,,,,,,,,,,,,
,,78,25,"0,835",,,,,,,,,,,,,,,,,
,,81,26,"0,891",,,,,,,,,,,,,,,,,
,,84,27,"0,948",,,,,,,,,,,,,,,,,
,,87,28,"1,004",,,,,,,,,,,,,,,,,
,,91,29,"1,053",,,,,,,,,,,,,,,,,
"Tabel B.22 ̶ AII (Kayu bundar sedang) (10,90 - 11,30 m; d : 21 – 29 cm)","10,90",66,21,"0,635",,,,,,,,,,,,,,,,,
,,69,22,"0,694",,,,,,,,,,,,,,,,,
,,72,23,"0,746",,,,,,,,,,,,,,,,,
,,75,24,"0,799",,,,,,,,,,,,,,,,,
,,78,25,"0,851",,,,,,,,,,,,,,,,,
,,81,26,"0,908",,,,,,,,,,,,,,,,,
,,84,27,"0,965",,,,,,,,,,,,,,,,,
,,87,28,"1,022",,,,,,,,,,,,,,,,,
,,91,29,"1,069",,,,,,,,,,,,,,,,,
,"11,00",66,21,"0,646",,,,,,,,,,,,,,,,,
,,69,22,"0,707",,,,,,,,,,,,,,,,,
,,72,23,"0,760",,,,,,,,,,,,,,,,,
,,75,24,"0,814",,,,,,,,,,,,,,,,,
,,78,25,"0,867",,,,,,,,,,,,,,,,,
,,81,26,"0,925",,,,,,,,,,,,,,,,,
,,84,27,"0,983",,,,,,,,,,,,,,,,,
,,87,28,"1,041",,,,,,,,,,,,,,,,,
,,91,29,"1,086",,,,,,,,,,,,,,,,,
,"11,10",66,21,"0,655",,,,,,,,,,,,,,,,,
,,69,22,"0,716",,,,,,,,,,,,,,,,,
,,72,23,"0,770",,,,,,,,,,,,,,,,,
,,75,24,"0,824",,,,,,,,,,,,,,,,,
,,78,25,"0,878",,,,,,,,,,,,,,,,,
,,81,26,"0,937",,,,,,,,,,,,,,,,,
,,84,27,"0,995",,,,,,,,,,,,,,,,,
,,87,28,"1,054",,,,,,,,,,,,,,,,,
,,91,29,"1,099",,,,,,,,,,,,,,,,,
,"11,20",66,21,"0,663",,,,,,,,,,,,,,,,,
,,69,22,"0,726",,,,,,,,,,,,,,,,,
,,72,23,"0,780",,,,,,,,,,,,,,,,,
,,75,24,"0,835",,,,,,,,,,,,,,,,,
,,78,25,"0,889",,,,,,,,,,,,,,,,,
,,81,26,"0,948",,,,,,,,,,,,,,,,,
,,84,27,"1,008",,,,,,,,,,,,,,,,,
,,87,28,"1,067",,,,,,,,,,,,,,,,,
,,91,29,"1,113",,,,,,,,,,,,,,,,,
,"11,30",66,21,"0,672",,,,,,,,,,,,,,,,,
,,69,22,"0,735",,,,,,,,,,,,,,,,,
,,72,23,"0,790",,,,,,,,,,,,,,,,,
,,75,24,"0,845",,,,,,,,,,,,,,,,,
,,78,25,"0,901",,,,,,,,,,,,,,,,,
,,81,26,"0,961",,,,,,,,,,,,,,,,,
,,84,27,"1,021",,,,,,,,,,,,,,,,,
,,87,28,"1,081",,,,,,,,,,,,,,,,,
,,91,29,"1,127",,,,,,,,,,,,,,,,,
"Tabel B.23 ̶ AII (Kayu bundar sedang) (11,40 - 11,80 m; d : 21 – 29 cm) ","11,40",66,21,"0,681",,,,,,,,,,,,,,,,,
,,69,22,"0,745",,,,,,,,,,,,,,,,,
,,72,23,"0,801",,,,,,,,,,,,,,,,,
,,75,24,"0,856",,,,,,,,,,,,,,,,,
,,78,25,"0,912",,,,,,,,,,,,,,,,,
,,81,26,"0,973",,,,,,,,,,,,,,,,,
,,84,27,"1,033",,,,,,,,,,,,,,,,,
,,87,28,"1,094",,,,,,,,,,,,,,,,,
,,91,29,"1,140",,,,,,,,,,,,,,,,,
,"11,50",66,21,"0,690",,,,,,,,,,,,,,,,,
,,69,22,"0,754",,,,,,,,,,,,,,,,,
,,72,23,"0,810",,,,,,,,,,,,,,,,,
,,75,24,"0,867",,,,,,,,,,,,,,,,,
,,78,25,"0,923",,,,,,,,,,,,,,,,,
,,81,26,"0,984",,,,,,,,,,,,,,,,,
,,84,27,"1,046",,,,,,,,,,,,,,,,,
,,87,28,"1,107",,,,,,,,,,,,,,,,,
,,91,29,"1,154",,,,,,,,,,,,,,,,,
,"11,60",66,21,"0,698",,,,,,,,,,,,,,,,,
,,69,22,"0,763",,,,,,,,,,,,,,,,,
,,72,23,"0,820",,,,,,,,,,,,,,,,,
,,75,24,"0,877",,,,,,,,,,,,,,,,,
,,78,25,"0,934",,,,,,,,,,,,,,,,,
,,81,26,"0,996",,,,,,,,,,,,,,,,,
,,84,27,"1,058",,,,,,,,,,,,,,,,,
,,87,28,"1,120",,,,,,,,,,,,,,,,,
,,91,29,"1,167",,,,,,,,,,,,,,,,,
,"11,70",66,21,"0,707",,,,,,,,,,,,,,,,,
,,69,22,"0,773",,,,,,,,,,,,,,,,,
,,72,23,"0,830",,,,,,,,,,,,,,,,,
,,75,24,"0,888",,,,,,,,,,,,,,,,,
,,78,25,"0,945",,,,,,,,,,,,,,,,,
,,81,26,"1,008",,,,,,,,,,,,,,,,,
,,84,27,"1,070",,,,,,,,,,,,,,,,,
,,87,28,"1,133",,,,,,,,,,,,,,,,,
,,91,29,"1,181",,,,,,,,,,,,,,,,,
,"11,80",66,21,"0,716",,,,,,,,,,,,,,,,,
,,69,22,"0,782",,,,,,,,,,,,,,,,,
,,72,23,"0,840",,,,,,,,,,,,,,,,,
,,75,24,"0,898",,,,,,,,,,,,,,,,,
,,78,25,"0,956",,,,,,,,,,,,,,,,,
,,81,26,"1,019",,,,,,,,,,,,,,,,,
,,84,27,"1,083",,,,,,,,,,,,,,,,,
,,87,28,"1,146",,,,,,,,,,,,,,,,,
,,91,29,"1,194",,,,,,,,,,,,,,,,,
"Tabel B.24 ̶ AII (Kayu bundar sedang) (11,90 - 12,30 m; d : 21 – 29 cm)","11,90",66,21,"0,724",,,,,,,,,,,,,,,,,
,,69,22,"0,792",,,,,,,,,,,,,,,,,
,,72,23,"0,850",,,,,,,,,,,,,,,,,
,,75,24,"0,909",,,,,,,,,,,,,,,,,
,,78,25,"0,967",,,,,,,,,,,,,,,,,
,,81,26,"1,031",,,,,,,,,,,,,,,,,
,,84,27,"1,095",,,,,,,,,,,,,,,,,
,,87,28,"1,159",,,,,,,,,,,,,,,,,
,,91,29,"1,208",,,,,,,,,,,,,,,,,
,"12,00",66,21,"0,733",,,,,,,,,,,,,,,,,
,,69,22,"0,801",,,,,,,,,,,,,,,,,
,,72,23,"0,860",,,,,,,,,,,,,,,,,
,,75,24,"0,919",,,,,,,,,,,,,,,,,
,,78,25,"0,978",,,,,,,,,,,,,,,,,
,,81,26,"1,043",,,,,,,,,,,,,,,,,
,,84,27,"1,107",,,,,,,,,,,,,,,,,
,,87,28,"1,172",,,,,,,,,,,,,,,,,
,,91,29,"1,221",,,,,,,,,,,,,,,,,
,"12,10",66,21,"0,742",,,,,,,,,,,,,,,,,
,,69,22,"0,811",,,,,,,,,,,,,,,,,
,,72,23,"0,871",,,,,,,,,,,,,,,,,
,,75,24,"0,930",,,,,,,,,,,,,,,,,
,,78,25,"0,990",,,,,,,,,,,,,,,,,
,,81,26,"1,055",,,,,,,,,,,,,,,,,
,,84,27,"1,121",,,,,,,,,,,,,,,,,
,,87,28,"1,186",,,,,,,,,,,,,,,,,
,,91,29,"1,236",,,,,,,,,,,,,,,,,
,"12,20",66,21,"0,752",,,,,,,,,,,,,,,,,
,,69,22,"0,821",,,,,,,,,,,,,,,,,
,,72,23,"0,881",,,,,,,,,,,,,,,,,
,,75,24,"0,942",,,,,,,,,,,,,,,,,
,,78,25,"1,002",,,,,,,,,,,,,,,,,
,,81,26,"0,086",,,,,,,,,,,,,,,,,
,,84,27,"1,134",,,,,,,,,,,,,,,,,
,,87,28,"1,200",,,,,,,,,,,,,,,,,
,,91,29,"1,251",,,,,,,,,,,,,,,,,
,"12,30",66,21,"0,761",,,,,,,,,,,,,,,,,
,,69,22,"0,831",,,,,,,,,,,,,,,,,
,,72,23,"0,892",,,,,,,,,,,,,,,,,
,,75,24,"0,953",,,,,,,,,,,,,,,,,
,,78,25,"1,014",,,,,,,,,,,,,,,,,
,,81,26,"1,081",,,,,,,,,,,,,,,,,
,,84,27,"1,147",,,,,,,,,,,,,,,,,
,,87,28,"1,214",,,,,,,,,,,,,,,,,
,,91,29,"1,266",,,,,,,,,,,,,,,,,
"Tabel B.25 ̶ AII (Kayu bundar sedang) (12,40 - 12,80 m; d : 21 – 29 cm) ","12,40",66,21,"0,770",,,,,,,,,,,,,,,,,
,,69,22,"0,841",,,,,,,,,,,,,,,,,
,,72,23,"0,903",,,,,,,,,,,,,,,,,
,,75,24,"0,964",,,,,,,,,,,,,,,,,
,,78,25,"1,026",,,,,,,,,,,,,,,,,
,,81,26,"1,093",,,,,,,,,,,,,,,,,
,,84,27,"1,161",,,,,,,,,,,,,,,,,
,,87,28,"1,228",,,,,,,,,,,,,,,,,
,,91,29,"1,281",,,,,,,,,,,,,,,,,
,"12,50",66,21,"0,780",,,,,,,,,,,,,,,,,
,,69,22,"0,851",,,,,,,,,,,,,,,,,
,,72,23,"0,913",,,,,,,,,,,,,,,,,
,,75,24,"0,976",,,,,,,,,,,,,,,,,
,,78,25,"1,038",,,,,,,,,,,,,,,,,
,,81,26,"1,106",,,,,,,,,,,,,,,,,
,,84,27,"1,174",,,,,,,,,,,,,,,,,
,,87,28,"1,242",,,,,,,,,,,,,,,,,
,,91,29,"1,296",,,,,,,,,,,,,,,,,
,"12,60",66,21,"0,789",,,,,,,,,,,,,,,,,
,,69,22,"0,861",,,,,,,,,,,,,,,,,
,,72,23,"0,924",,,,,,,,,,,,,,,,,
,,75,24,"0,987",,,,,,,,,,,,,,,,,
,,78,25,"1,050",,,,,,,,,,,,,,,,,
,,81,26,"1,120",,,,,,,,,,,,,,,,,
,,84,27,"1,190",,,,,,,,,,,,,,,,,
,,87,28,"1,259",,,,,,,,,,,,,,,,,
,,91,29,"1,312",,,,,,,,,,,,,,,,,
,"12,70",66,21,"0,798",,,,,,,,,,,,,,,,,
,,69,22,"0,871",,,,,,,,,,,,,,,,,
,,72,23,"0,935",,,,,,,,,,,,,,,,,
,,75,24,"0,998",,,,,,,,,,,,,,,,,
,,78,25,"1,062",,,,,,,,,,,,,,,,,
,,81,26,"1,131",,,,,,,,,,,,,,,,,
,,84,27,"1,200",,,,,,,,,,,,,,,,,
,,87,28,"1,270",,,,,,,,,,,,,,,,,
,,91,29,"1,324",,,,,,,,,,,,,,,,,
,"12,80",66,21,"0,807",,,,,,,,,,,,,,,,,
,,69,22,"0,880",,,,,,,,,,,,,,,,,
,,72,23,"0,945",,,,,,,,,,,,,,,,,
,,75,24,"1,009",,,,,,,,,,,,,,,,,
,,78,25,"1,073",,,,,,,,,,,,,,,,,
,,81,26,"1,143",,,,,,,,,,,,,,,,,
,,84,27,"1,213",,,,,,,,,,,,,,,,,
,,87,28,"1,283",,,,,,,,,,,,,,,,,
,,91,29,"1,338",,,,,,,,,,,,,,,,,
"Tabel B.26 ̶ AII (Kayu bundar sedang) (p : 12,90 - 13,30 m; d : 21 – 29 cm) ","12,90",66,21,"0,816",,,,,,,,,,,,,,,,,
,,69,22,"0,890",,,,,,,,,,,,,,,,,
,,72,23,"0,955",,,,,,,,,,,,,,,,,
,,75,24,"1,020",,,,,,,,,,,,,,,,,
,,78,25,"1,085",,,,,,,,,,,,,,,,,
,,81,26,"1,156",,,,,,,,,,,,,,,,,
,,84,27,"1,226",,,,,,,,,,,,,,,,,
,,87,28,"1,297",,,,,,,,,,,,,,,,,
,,91,29,"1,352",,,,,,,,,,,,,,,,,
,"13,00",66,21,"0,825",,,,,,,,,,,,,,,,,
,,69,22,"0,900",,,,,,,,,,,,,,,,,
,,72,23,"0,966",,,,,,,,,,,,,,,,,
,,75,24,"1,031",,,,,,,,,,,,,,,,,
,,78,25,"1,097",,,,,,,,,,,,,,,,,
,,81,26,"1,168",,,,,,,,,,,,,,,,,
,,84,27,"1,240",,,,,,,,,,,,,,,,,
,,87,28,"1,311",,,,,,,,,,,,,,,,,
,,91,29,"1,366",,,,,,,,,,,,,,,,,
,"13,10",66,21,"0,835",,,,,,,,,,,,,,,,,
,,69,22,"0,911",,,,,,,,,,,,,,,,,
,,72,23,"0,977",,,,,,,,,,,,,,,,,
,,75,24,"1,043",,,,,,,,,,,,,,,,,
,,78,25,"1,110",,,,,,,,,,,,,,,,,
,,81,26,"1,182",,,,,,,,,,,,,,,,,
,,84,27,"1,254",,,,,,,,,,,,,,,,,
,,87,28,"1,326",,,,,,,,,,,,,,,,,
,,91,29,"1,381",,,,,,,,,,,,,,,,,
,"13,20",66,21,"0,845",,,,,,,,,,,,,,,,,
,,69,22,"0,922",,,,,,,,,,,,,,,,,
,,72,23,"0,989",,,,,,,,,,,,,,,,,
,,75,24,"1,055",,,,,,,,,,,,,,,,,
,,78,25,"1,122",,,,,,,,,,,,,,,,,
,,81,26,"1,195",,,,,,,,,,,,,,,,,
,,84,27,"1,267",,,,,,,,,,,,,,,,,
,,87,28,"1,340",,,,,,,,,,,,,,,,,
,,91,29,"1,396",,,,,,,,,,,,,,,,,
,"13,30",66,21,"0,856",,,,,,,,,,,,,,,,,
,,69,22,"0,932",,,,,,,,,,,,,,,,,
,,72,23,"1,000",,,,,,,,,,,,,,,,,
,,75,24,"1,067",,,,,,,,,,,,,,,,,
,,78,25,"1,135",,,,,,,,,,,,,,,,,
,,81,26,"1,208",,,,,,,,,,,,,,,,,
,,84,27,"1,282",,,,,,,,,,,,,,,,,
,,87,28,"1,355",,,,,,,,,,,,,,,,,
,,91,29,"1,411",,,,,,,,,,,,,,,,,
"Tabel B.27 ̶ AII (Kayu bundar sedang) (p : 13,40 - 13,80 m; d : 21 – 29 cm) ","13,40",66,21,"0,866",,,,,,,,,,,,,,,,,
,,69,22,"0,943",,,,,,,,,,,,,,,,,
,,72,23,"1,011",,,,,,,,,,,,,,,,,
,,75,24,"1,079",,,,,,,,,,,,,,,,,
,,78,25,"1,147",,,,,,,,,,,,,,,,,
,,81,26,"1,221",,,,,,,,,,,,,,,,,
,,84,27,"1,295",,,,,,,,,,,,,,,,,
,,87,28,"1,369",,,,,,,,,,,,,,,,,
,,91,29,"1,427",,,,,,,,,,,,,,,,,
,"13,50",66,21,"0,876",,,,,,,,,,,,,,,,,
,,69,22,"0,954",,,,,,,,,,,,,,,,,
,,72,23,"1,023",,,,,,,,,,,,,,,,,
,,75,24,"1,091",,,,,,,,,,,,,,,,,
,,78,25,"1,160",,,,,,,,,,,,,,,,,
,,81,26,"1,235",,,,,,,,,,,,,,,,,
,,84,27,"1,309",,,,,,,,,,,,,,,,,
,,87,28,"1,384",,,,,,,,,,,,,,,,,
,,91,29,"1,442",,,,,,,,,,,,,,,,,
,"13,60",66,21,"0,886",,,,,,,,,,,,,,,,,
,,69,22,"0,965",,,,,,,,,,,,,,,,,
,,72,23,"1,034",,,,,,,,,,,,,,,,,
,,75,24,"1,103",,,,,,,,,,,,,,,,,
,,78,25,"1,172",,,,,,,,,,,,,,,,,
,,81,26,"1,248",,,,,,,,,,,,,,,,,
,,84,27,"1,323",,,,,,,,,,,,,,,,,
,,87,28,"1,399",,,,,,,,,,,,,,,,,
,,91,29,"1,457",,,,,,,,,,,,,,,,,
,"13,70",66,21,"0,895",,,,,,,,,,,,,,,,,
,,69,22,"0,975",,,,,,,,,,,,,,,,,
,,72,23,"1,045",,,,,,,,,,,,,,,,,
,,75,24,"1,115",,,,,,,,,,,,,,,,,
,,78,25,"1,185",,,,,,,,,,,,,,,,,
,,81,26,"1,261",,,,,,,,,,,,,,,,,
,,84,27,"1,337",,,,,,,,,,,,,,,,,
,,87,28,"1,413",,,,,,,,,,,,,,,,,
,,91,29,"1,473",,,,,,,,,,,,,,,,,
,"13,80",66,21,"0,905",,,,,,,,,,,,,,,,,
,,69,22,"0,986",,,,,,,,,,,,,,,,,
,,72,23,"1,056",,,,,,,,,,,,,,,,,
,,75,24,"1,127",,,,,,,,,,,,,,,,,
,,78,25,"1,197",,,,,,,,,,,,,,,,,
,,81,26,"1,274",,,,,,,,,,,,,,,,,
,,84,27,"1,351",,,,,,,,,,,,,,,,,
,,87,28,"1,428",,,,,,,,,,,,,,,,,
,,91,29,"1,488",,,,,,,,,,,,,,,,,
"Tabel B.28 ̶ AII (Kayu bundar sedang) (p : 13,90 - 14,30 m; d : 21 – 29 cm) ","13,90",66,21,"0,915",,,,,,,,,,,,,,,,,
,,69,22,"0,996",,,,,,,,,,,,,,,,,
,,72,23,"1,067",,,,,,,,,,,,,,,,,
,,75,24,"1,138",,,,,,,,,,,,,,,,,
,,78,25,"1,210",,,,,,,,,,,,,,,,,
,,81,26,"1,287",,,,,,,,,,,,,,,,,
,,84,27,"1,365",,,,,,,,,,,,,,,,,
,,87,28,"1,442",,,,,,,,,,,,,,,,,
,,91,29,"1,503",,,,,,,,,,,,,,,,,
,"14,00",66,21,"0,925",,,,,,,,,,,,,,,,,
,,69,22,"1,007",,,,,,,,,,,,,,,,,
,,72,23,"1,079",,,,,,,,,,,,,,,,,
,,75,24,"1,150",,,,,,,,,,,,,,,,,
,,78,25,"1,222",,,,,,,,,,,,,,,,,
,,81,26,"1,300",,,,,,,,,,,,,,,,,
,,84,27,"1,379",,,,,,,,,,,,,,,,,
,,87,28,"1,457",,,,,,,,,,,,,,,,,
,,91,29,"1,519",,,,,,,,,,,,,,,,,
,"14,10",66,21,"0,935",,,,,,,,,,,,,,,,,
,,69,22,"1,018",,,,,,,,,,,,,,,,,
,,72,23,"0,090",,,,,,,,,,,,,,,,,
,,75,24,"1,163",,,,,,,,,,,,,,,,,
,,78,25,"1,235",,,,,,,,,,,,,,,,,
,,81,26,"1,314",,,,,,,,,,,,,,,,,
,,84,27,"1,393",,,,,,,,,,,,,,,,,
,,87,28,"1,473",,,,,,,,,,,,,,,,,
,,91,29,"1,534",,,,,,,,,,,,,,,,,
,"14,20",66,21,"0,946",,,,,,,,,,,,,,,,,
,,69,22,"1,029",,,,,,,,,,,,,,,,,
,,72,23,"1,103",,,,,,,,,,,,,,,,,
,,75,24,"1,176",,,,,,,,,,,,,,,,,
,,78,25,"1,249",,,,,,,,,,,,,,,,,
,,81,26,"1,329",,,,,,,,,,,,,,,,,
,,84,27,"1,408",,,,,,,,,,,,,,,,,
,,87,28,"1,488",,,,,,,,,,,,,,,,,
,,91,29,"1,550",,,,,,,,,,,,,,,,,
,"14,30",66,21,"0,956",,,,,,,,,,,,,,,,,
,,69,22,"1,041",,,,,,,,,,,,,,,,,
,,72,23,"1,114",,,,,,,,,,,,,,,,,
,,75,24,"1,188",,,,,,,,,,,,,,,,,
,,78,25,"1,262",,,,,,,,,,,,,,,,,
,,81,26,"1,343",,,,,,,,,,,,,,,,,
,,84,27,"1,423",,,,,,,,,,,,,,,,,
,,87,28,"1,504",,,,,,,,,,,,,,,,,
,,91,29,"1,566",,,,,,,,,,,,,,,,,
"Tabel B.29 ̶ AII (Kayu bundar sedang) (p : 14,40 - 14,80 m; d : 21 – 29 cm) ","14,40",66,21,"0,967",,,,,,,,,,,,,,,,,
,,69,22,"1,052",,,,,,,,,,,,,,,,,
,,72,23,"1,126",,,,,,,,,,,,,,,,,
,,75,24,"1,201",,,,,,,,,,,,,,,,,
,,78,25,"1,276",,,,,,,,,,,,,,,,,
,,81,26,"1,357",,,,,,,,,,,,,,,,,
,,84,27,"1,438",,,,,,,,,,,,,,,,,
,,87,28,"1,519",,,,,,,,,,,,,,,,,
,,91,29,"1,580",,,,,,,,,,,,,,,,,
,"14,50",66,21,"0,977",,,,,,,,,,,,,,,,,
,,69,22,"1,063",,,,,,,,,,,,,,,,,
,,72,23,"1,138",,,,,,,,,,,,,,,,,
,,75,24,"1,214",,,,,,,,,,,,,,,,,
,,78,25,"1,289",,,,,,,,,,,,,,,,,
,,81,26,"1,371",,,,,,,,,,,,,,,,,
,,84,27,"1,453",,,,,,,,,,,,,,,,,
,,87,28,"1,535",,,,,,,,,,,,,,,,,
,,91,29,"1,598",,,,,,,,,,,,,,,,,
,"14,60",66,21,"0,988",,,,,,,,,,,,,,,,,
,,69,22,"1,074",,,,,,,,,,,,,,,,,
,,72,23,"1,150",,,,,,,,,,,,,,,,,
,,75,24,"1,226",,,,,,,,,,,,,,,,,
,,78,25,"1,302",,,,,,,,,,,,,,,,,
,,81,26,"1,385",,,,,,,,,,,,,,,,,
,,84,27,"1,468",,,,,,,,,,,,,,,,,
,,87,28,"1,550",,,,,,,,,,,,,,,,,
,,91,29,"1,614",,,,,,,,,,,,,,,,,
,"14,70",66,21,"0,998",,,,,,,,,,,,,,,,,
,,69,22,"1,085",,,,,,,,,,,,,,,,,
,,72,23,"1,160",,,,,,,,,,,,,,,,,
,,75,24,"1,235",,,,,,,,,,,,,,,,,
,,78,25,"1,311",,,,,,,,,,,,,,,,,
,,81,26,"1,396",,,,,,,,,,,,,,,,,
,,84,27,"1,481",,,,,,,,,,,,,,,,,
,,87,28,"1,566",,,,,,,,,,,,,,,,,
,,91,29,"1,631",,,,,,,,,,,,,,,,,
,"14,80",66,21,"1,009",,,,,,,,,,,,,,,,,
,,69,22,"1,097",,,,,,,,,,,,,,,,,
,,72,23,"1,174",,,,,,,,,,,,,,,,,
,,75,24,"1,252",,,,,,,,,,,,,,,,,
,,78,25,"1,329",,,,,,,,,,,,,,,,,
,,81,26,"1,413",,,,,,,,,,,,,,,,,
,,84,27,"1,497",,,,,,,,,,,,,,,,,
,,87,28,"1,581",,,,,,,,,,,,,,,,,
,,91,29,"1,648",,,,,,,,,,,,,,,,,
"Tabel B.30 ̶ AII (Kayu bundar sedang) (p : 14,90 - 15,00 m; d : 21 – 29 cm)","14,90",66,21,"1,019",,,,,,,,,,,,,,,,,
,,69,22,"1,108",,,,,,,,,,,,,,,,,
,,72,23,"1,186",,,,,,,,,,,,,,,,,
,,75,24,"1,264",,,,,,,,,,,,,,,,,
,,78,25,"1,343",,,,,,,,,,,,,,,,,
,,81,26,"1,427",,,,,,,,,,,,,,,,,
,,84,27,"1,512",,,,,,,,,,,,,,,,,
,,87,28,"1,597",,,,,,,,,,,,,,,,,
,,91,29,"1,664",,,,,,,,,,,,,,,,,
,"15,00",66,21,"1,030",,,,,,,,,,,,,,,,,
,,69,22,"1,119",,,,,,,,,,,,,,,,,
,,72,23,"1,198",,,,,,,,,,,,,,,,,
,,75,24,"1,277",,,,,,,,,,,,,,,,,
,,78,25,"1,356",,,,,,,,,,,,,,,,,
,,81,26,"1,441",,,,,,,,,,,,,,,,,
,,84,27,"1,527",,,,,,,,,,,,,,,,,
,,87,28,"1,612",,,,,,,,,,,,,,,,,
,,91,29,"1,681",,,,,,,,,,,,,,,,,